"post_url","platform","paper_doi","is_retraction_related"
"http://ct.moreover.com/?a=40165434741&p=1pl&v=1&x=NiLdmlSo7WkGjaKT-f1bAA","news","10.3390/magnetochemistry5020031","0"
"http://ct.moreover.com/?a=40294067374&p=1pl&v=1&x=09MybO4LCv8WmVzoYf7QlA","news","10.1016/j.cub.2015.09.056","1"
"http://ct.moreover.com/?a=40295708274&p=1pl&v=1&x=ojHF9AV7AAd7SkwdPMFTjg","news","10.1016/j.cub.2015.09.056","1"
"http://ct.moreover.com/?a=40340258009&p=1pl&v=1&x=ixvCX9oiKnpaIk7xK0MvIw","news","10.1016/j.cub.2015.09.056","1"
"http://ct.moreover.com/?a=39317248869&p=1pl&v=1&x=5Vlq9P0aAoab6wtRFcROUg","news","10.1007/s00405-019-05368-x","-1"
"http://ct.moreover.com/?a=39314693212&p=1pl&v=1&x=qFKjM2eelWwaidzZnUTVag","news","10.1080/13825585.2019.1598538","-1"
"http://ct.moreover.com/?a=39315566324&p=1pl&v=1&x=ApJg37dPXlCzl7C0uNwNDQ","news","10.1080/13825585.2019.1598538","1"
"http://ct.moreover.com/?a=39318905999&p=1pl&v=1&x=gwhMxa1AbhdCfzdsSljriQ","news","10.1080/13825585.2019.1598538","1"
"http://ct.moreover.com/?a=39341690075&p=1pl&v=1&x=y5aNCoKQEC4Ggj9YZhT0ng","news","10.1080/13825585.2019.1598538","1"
"http://ct.moreover.com/?a=39811904414&p=1pl&v=1&x=78x8GlgABRpx47rq1bbc1A","news","10.1080/13825585.2019.1598538","1"
"http://ct.moreover.com/?a=39812085457&p=1pl&v=1&x=8u-MSSfypQrZrV3OioUIcw","news","10.1080/13825585.2019.1598538","1"
"http://ct.moreover.com/?a=39086516811&p=1pl&v=1&x=Gx3VglJCtv4_NjOOKaeRZQ","news","10.1001/jamaoncol.2018.4070","0"
"http://ct.moreover.com/?a=39089606385&p=1pl&v=1&x=obSS1yb_T3T2WJZREVsivw","news","10.1001/jamaoncol.2018.4070","0"
"http://ct.moreover.com/?a=39536331329&p=1pl&v=1&x=q4bLfOMRBkePP8bgJ0MDOQ","news","10.1001/jamaoncol.2018.4070","0"
"http://ct.moreover.com/?a=39287068849&p=1pl&v=1&x=xJ7RHRB_g-fcB7r9H0MSgg","news","10.1016/s2213-8587(16)30085-7","0"
"http://ct.moreover.com/?a=39461609713&p=1pl&v=1&x=59LDIVz4mzc28glvn0gZ2g","news","10.1016/s2213-8587(16)30085-7","0"
"http://ct.moreover.com/?a=39461657241&p=1pl&v=1&x=GaZHVdQik_kgUSZRpgCkZA","news","10.1016/s2213-8587(16)30085-7","0"
"http://ct.moreover.com/?a=39461662744&p=1pl&v=1&x=eh_n952ECaa7xY3BZEryRA","news","10.1016/s2213-8587(16)30085-7","0"
"http://ct.moreover.com/?a=39955389164&p=1pl&v=1&x=XLWf-Zv4Y8IS6PA4NhXqNg","news","10.1016/s2213-8587(16)30085-7","0"
"http://ct.moreover.com/?a=39355708928&p=1pl&v=1&x=o6jlRIZAYlxXr4eke62mcQ","news","10.1371/journal.pone.0023395","1"
"http://ct.moreover.com/?a=39406659790&p=1pl&v=1&x=Eg1M3ctA7ODNtxCHIMZQKg","news","10.1371/journal.pone.0124344","1"
"http://ct.moreover.com/?a=39406671123&p=1pl&v=1&x=nVt1BJnA3N1QBzdemksFTA","news","10.1371/journal.pone.0124344","1"
"http://ct.moreover.com/?a=39408348876&p=1pl&v=1&x=WZsESBWG3zip4ua2vIrERw","news","10.1371/journal.pone.0124344","1"
"http://ct.moreover.com/?a=39428212768&p=1pl&v=1&x=l11lYYadhAeCzBRCmrfU7g","news","10.1371/journal.pone.0124344","1"
"http://ct.moreover.com/?a=39484993917&p=1pl&v=1&x=nbOu3kH0tOcDUgMQonKBDA","news","10.1371/journal.pone.0124344","1"
"http://ct.moreover.com/?a=39526108826&p=1pl&v=1&x=wtHNOFBln-r3rwTt4Q-r4g","news","10.1371/journal.pone.0124344","1"
"http://ct.moreover.com/?a=39039521964&p=1pl&v=1&x=JfLxo7Nm_BbGBD5aIeX1SQ","news","10.1177/2047487317723212","0"
"http://ct.moreover.com/?a=39371652316&p=1pl&v=1&x=LFnIErPGb53R5l8dYNdO1w","news","10.1177/2047487317723212","0"
"http://ct.moreover.com/?a=39380596510&p=1pl&v=1&x=UdwcibTcVH1d6UNF3vdmwg","news","10.1177/2047487317723212","0"
"http://ct.moreover.com/?a=39851618413&p=1pl&v=1&x=2xex3QAJDnPhWYi9rGFFjw","news","10.1177/2047487317723212","0"
"http://ct.moreover.com/?a=39090987065&p=1pl&v=1&x=x94vy1PDU7F4Oga-o50Dcw","news","10.1016/j.phrs.2018.10.019","1"
"http://ct.moreover.com/?a=38946033906&p=1pl&v=1&x=NAcVf9VH9LDaBkIPMLgFcA","news","10.1001/jama.2018.12615","0"
"http://ct.moreover.com/?a=38925913167&p=1pl&v=1&x=H-xV0BGCW4n1ja-JJOP_Bg","news","10.1001/jama.2018.12615","0"
"http://ct.moreover.com/?a=39018591738&p=1pl&v=1&x=vtLY38gW-cdOsi1cVK2lww","news","10.1001/jama.2018.12615","0"
"http://ct.moreover.com/?a=39023538648&p=1pl&v=1&x=zyfDksKpiFzgpr8vYsfw0A","news","10.1001/jama.2018.12615","0"
"http://ct.moreover.com/?a=39302077594&p=1pl&v=1&x=TzpLKBqPowbl1ct10qoVRw","news","10.1001/jama.2018.12615","0"
"http://ct.moreover.com/?a=39330516542&p=1pl&v=1&x=kirJzz5HLMScXZQ8R0cQcg","news","10.1001/jama.2018.12615","0"
"http://ct.moreover.com/?a=39570098488&p=1pl&v=1&x=tYwRp-vHsSJrqwQZX9mO4w","news","10.1001/jama.2018.12615","0"
"http://ct.moreover.com/?a=39824350387&p=1pl&v=1&x=ZCEG7AEIpGepuFOr8PwW3w","news","10.1001/jama.2018.12615","0"
"http://ct.moreover.com/?a=39792773883&p=1pl&v=1&x=OPLzycp--EbqfbmSdLP9Cw","news","10.1001/jama.2018.12615","0"
"http://ct.moreover.com/?a=39808773162&p=1pl&v=1&x=GRw8QVzjl7q3j-Q7swwarQ","news","10.1001/jama.2018.12615","0"
"http://ct.moreover.com/?a=39946202367&p=1pl&v=1&x=8eyksw3EQkrSYq_LmX5Q3A","news","10.1001/jama.2018.12615","0"
"http://ct.moreover.com/?a=40072126825&p=1pl&v=1&x=J30ewWywI1ceOEs7LBv1Ag","news","10.1001/jama.2018.12615","0"
"http://ct.moreover.com/?a=39109073493&p=1pl&v=1&x=9CxgfyDgwq_-g_-9u7PN2Q","news","10.1039/c8ce00310f","0"
"http://ct.moreover.com/?a=39355708928&p=1pl&v=1&x=o6jlRIZAYlxXr4eke62mcQ","news","10.1371/journal.pone.0091946","1"
"http://ct.moreover.com/?a=39355708928&p=1pl&v=1&x=o6jlRIZAYlxXr4eke62mcQ","news","10.1016/j.lfs.2007.04.009","1"
"http://ct.moreover.com/?a=38716250933&p=1pl&v=1&x=hfOVGH0I8q80aoEPazxTZA","news","10.1016/j.socscimed.2013.06.005","1"
"http://ct.moreover.com/?a=39340629371&p=1pl&v=1&x=jGZL2EV3EFcyBAEr0u7wnA","news","10.1158/1055-9965.epi-17-0221","1"
"http://ct.moreover.com/?a=39333510721&p=1pl&v=1&x=IXBlIfjNWntJmLHWbExrsQ","news","10.1158/1055-9965.epi-17-0221","1"
"http://ct.moreover.com/?a=39333512944&p=1pl&v=1&x=mgyVKbC_Rsh2tKkY-_4h6w","news","10.1158/1055-9965.epi-17-0221","1"
"http://ct.moreover.com/?a=39333518186&p=1pl&v=1&x=FxvmnQaA-g1iKXmulQLyqA","news","10.1158/1055-9965.epi-17-0221","1"
"http://ct.moreover.com/?a=39333521443&p=1pl&v=1&x=-Glbji-fUeMC0-hEHkLtrg","news","10.1158/1055-9965.epi-17-0221","1"
"http://ct.moreover.com/?a=39333522496&p=1pl&v=1&x=D1pUA-YfuusWlFWWDo4Gew","news","10.1158/1055-9965.epi-17-0221","1"
"http://ct.moreover.com/?a=39333529356&p=1pl&v=1&x=eK7gAAgbFv02X6H0leBoFg","news","10.1158/1055-9965.epi-17-0221","1"
"http://ct.moreover.com/?a=39333529939&p=1pl&v=1&x=k4_FSuNX9oPDD2XZF46WEA","news","10.1158/1055-9965.epi-17-0221","1"
"http://ct.moreover.com/?a=39333535992&p=1pl&v=1&x=G7iLkuRTvwUIr75nH3vFQA","news","10.1158/1055-9965.epi-17-0221","1"
"http://ct.moreover.com/?a=39333550042&p=1pl&v=1&x=djIj4JB99e7m3yKPIzD4kA","news","10.1158/1055-9965.epi-17-0221","1"
"http://ct.moreover.com/?a=39333557177&p=1pl&v=1&x=AdG8EtgAl00tz8wVxgA-RA","news","10.1158/1055-9965.epi-17-0221","1"
"http://ct.moreover.com/?a=39333679017&p=1pl&v=1&x=rAFwg2ckyJYb1DXgoXKKfw","news","10.1158/1055-9965.epi-17-0221","1"
"http://ct.moreover.com/?a=39333698382&p=1pl&v=1&x=i7apeDWB33-qX6Alkn2jXA","news","10.1158/1055-9965.epi-17-0221","1"
"http://ct.moreover.com/?a=39333729398&p=1pl&v=1&x=nKN-KoDHf4WUGUFu5-QNaw","news","10.1158/1055-9965.epi-17-0221","1"
"http://ct.moreover.com/?a=39333820441&p=1pl&v=1&x=DhV2O8tkG5gAGdvNnpV_7w","news","10.1158/1055-9965.epi-17-0221","1"
"http://ct.moreover.com/?a=39333895442&p=1pl&v=1&x=hmGIrg5y9308E3JTSJxYSQ","news","10.1158/1055-9965.epi-17-0221","1"
"http://ct.moreover.com/?a=39336001729&p=1pl&v=1&x=4PmcyuGmqY5mWz2-BFtY1Q","news","10.1158/1055-9965.epi-17-0221","1"
"http://ct.moreover.com/?a=38476181254&p=1pl&v=1&x=uXe9RpFlbdOyVPcA6t5ItA","news","10.1148/85.3.474","1"
"http://ct.moreover.com/?a=38720485984&p=1pl&v=1&x=jtwdm7SEvzi-pE7gsncVFQ","news","10.1038/s41562-017-0132","0"
"http://ct.moreover.com/?a=37919064665&p=1pl&v=1&x=e_u8p8rCOdm4uiT0D8_zmQ","news","10.7326/0003-4819-145-5-200609050-00005","1"
"http://feedproxy.google.com/~r/zmescience/~3/bf2oTNBnQZA/","news","10.7326/0003-4819-145-5-200609050-00005","1"
"http://ct.moreover.com/?a=37919064665&p=1pl&v=1&x=e_u8p8rCOdm4uiT0D8_zmQ","news","10.7326/0003-4819-150-4-200902170-00028","1"
"http://feedproxy.google.com/~r/zmescience/~3/bf2oTNBnQZA/","news","10.7326/0003-4819-150-4-200902170-00028","1"
"http://ct.moreover.com/?a=37821867614&p=1pl&v=1&x=0wwggEmECOmdG927dilvOg","news","10.15585/mmwr.ss6706a1","0"
"http://ct.moreover.com/?a=37875296697&p=1pl&v=1&x=yR9bDAO0ZJyDCLibfsDYkw","news","10.15585/mmwr.ss6706a1","0"
"http://ct.moreover.com/?a=38901628440&p=1pl&v=1&x=6L8kGGo9m6PPSOx39Z7bOg","news","10.15585/mmwr.ss6706a1","0"
"http://ct.moreover.com/?a=38906061973&p=1pl&v=1&x=W2oFfAQ0olUyl0oTBp_LYw","news","10.15585/mmwr.ss6706a1","0"
"http://ct.moreover.com/?a=38968774227&p=1pl&v=1&x=rdwtUKU-xUqboTN12QHuFg","news","10.15585/mmwr.ss6706a1","0"
"http://ct.moreover.com/?a=38973980154&p=1pl&v=1&x=SOhg1ufGkwx6cumfasyMSQ","news","10.15585/mmwr.ss6706a1","0"
"http://ct.moreover.com/?a=39031502436&p=1pl&v=1&x=UKnBtvdrK1e4QkQ8D0TxyQ","news","10.15585/mmwr.ss6706a1","0"
"http://ct.moreover.com/?a=39143879263&p=1pl&v=1&x=xxsvloJg_gndKPk3vSBLXQ","news","10.15585/mmwr.ss6706a1","0"
"http://ct.moreover.com/?a=38461655530&p=1pl&v=1&x=GBoOvHpOxafy1VrHBsg2ew","news","10.1093/aje/kwx362","0"
"http://ct.moreover.com/?a=38465548121&p=1pl&v=1&x=-vx2eNGKUi47NuSDZzPSkw","news","10.1093/aje/kwx362","0"
"http://ct.moreover.com/?a=38470346466&p=1pl&v=1&x=DepnZlXc-jTWVYLqH504Cg","news","10.1093/aje/kwx362","0"
"http://ct.moreover.com/?a=38513058082&p=1pl&v=1&x=XjR6mEy6nHGS8ymyqW9Cxw","news","10.1093/aje/kwx362","0"
"http://ct.moreover.com/?a=38513072990&p=1pl&v=1&x=glAPtKnz1u7bSS5leeZHOQ","news","10.1093/aje/kwx362","0"
"http://ct.moreover.com/?a=38513073992&p=1pl&v=1&x=QZj19wkGcpxWVqPIy2iZRw","news","10.1093/aje/kwx362","0"
"http://ct.moreover.com/?a=38513075108&p=1pl&v=1&x=sB4nOAZ3UvJmXHu4BhDTQA","news","10.1093/aje/kwx362","0"
"http://ct.moreover.com/?a=38513082034&p=1pl&v=1&x=El8MOC1Rz6ww5Mloi25c4Q","news","10.1093/aje/kwx362","0"
"http://ct.moreover.com/?a=38513086841&p=1pl&v=1&x=C0i1AwElYrAaY_zEXmzJfg","news","10.1093/aje/kwx362","0"
"http://ct.moreover.com/?a=38513104022&p=1pl&v=1&x=Q_GRvLy6EaOTh8-VSCbLsg","news","10.1093/aje/kwx362","0"
"http://ct.moreover.com/?a=38513104373&p=1pl&v=1&x=MVLC08vT4cTLE98h7TV1Ww","news","10.1093/aje/kwx362","0"
"http://ct.moreover.com/?a=38513107215&p=1pl&v=1&x=wo6Ugbu6TNJ-BmeXT1mf2w","news","10.1093/aje/kwx362","0"
"http://ct.moreover.com/?a=38513119998&p=1pl&v=1&x=IlGX3jvLGOpldqctEZfd8A","news","10.1093/aje/kwx362","0"
"http://ct.moreover.com/?a=38513123466&p=1pl&v=1&x=_vFvNvNE9y6iaTyIeI7lvw","news","10.1093/aje/kwx362","0"
"http://ct.moreover.com/?a=38513110912&p=1pl&v=1&x=ZYLFjSC0qHZJZB7XnuHZTw","news","10.1093/aje/kwx362","0"
"http://ct.moreover.com/?a=38513127579&p=1pl&v=1&x=m7XhjlscCanCHV4lq96ioA","news","10.1093/aje/kwx362","0"
"http://ct.moreover.com/?a=38513135054&p=1pl&v=1&x=MRHrOIYg73dKEpWyR1GL7w","news","10.1093/aje/kwx362","0"
"http://ct.moreover.com/?a=38513161728&p=1pl&v=1&x=TYFnS9rVeHnTbDodWYPbGw","news","10.1093/aje/kwx362","0"
"http://ct.moreover.com/?a=38513282597&p=1pl&v=1&x=Uuwj2Ht9bbz4JSW3Ilh16w","news","10.1093/aje/kwx362","0"
"http://ct.moreover.com/?a=37919064665&p=1pl&v=1&x=e_u8p8rCOdm4uiT0D8_zmQ","news","10.1016/j.appet.2005.07.011","1"
"http://feedproxy.google.com/~r/zmescience/~3/bf2oTNBnQZA/","news","10.1016/j.appet.2005.07.011","1"
"http://ct.moreover.com/?a=37533904386&p=1pl&v=1&x=AENKNfcoLZwfsoQ2oYfY6w","news","10.1016/j.jaad.2018.09.052","1"
"http://ct.moreover.com/?a=37535533247&p=1pl&v=1&x=PfJWd0pyE50lqGlmN2RvnQ","news","10.1016/j.jaad.2018.09.052","1"
"http://ct.moreover.com/?a=38656077576&p=1pl&v=1&x=gmkgJLSlkizf8vZfkPyK7g","news","10.1016/j.jaad.2018.09.052","1"
"http://ct.moreover.com/?a=37292487665&p=1pl&v=1&x=LotSinCvtL2p3-qlLdEU7w","news","10.1080/0966369x.2018.1475346","1"
"http://ct.moreover.com/?a=37296237509&p=1pl&v=1&x=stQbyqZnrYiAVW4w15vbIg","news","10.1080/0966369x.2018.1475346","1"
"https://www.theepochtimes.com/scholars-rewrite-of-mein-kampf-as-feminist-screed-accepted-by-academic-journal-for-publication_2678375.html","news","10.1080/0966369x.2018.1475346","1"
"http://ct.moreover.com/?a=38171325521&p=1pl&v=1&x=IVpJAusca5gUJsXC5xQ_yQ","news","10.1080/0966369x.2018.1475346","1"
"http://ct.moreover.com/?a=37292487665&p=1pl&v=1&x=LotSinCvtL2p3-qlLdEU7w","news","10.1080/21604851.2018.1453622","1"
"http://ct.moreover.com/?a=37296237509&p=1pl&v=1&x=stQbyqZnrYiAVW4w15vbIg","news","10.1080/21604851.2018.1453622","1"
"http://ct.moreover.com/?a=37230650966&p=1pl&v=1&x=g6QnWV3eWjnvdHuRyNStgg","news","10.1016/j.drugpo.2018.06.018","0"
"http://ct.moreover.com/?a=37270327622&p=1pl&v=1&x=fW3kgc895VdigM2zrjfBdw","news","10.1016/j.drugpo.2018.06.018","0"
"http://ct.moreover.com/?a=37271250874&p=1pl&v=1&x=4Gu2TP5OKH_f-YBRCQCX7g","news","10.1016/j.drugpo.2018.06.018","0"
"http://ct.moreover.com/?a=37277638766&p=1pl&v=1&x=Nthnw0HosQx_tOxf6odyFA","news","10.1016/j.drugpo.2018.06.018","0"
"http://ct.moreover.com/?a=37279983463&p=1pl&v=1&x=q9tqiqo1h7Y-ivxOwtONzQ","news","10.1016/j.drugpo.2018.06.018","0"
"http://ct.moreover.com/?a=37477370348&p=1pl&v=1&x=rt_NXn5FMwseEVsd-74AMQ","news","10.1016/j.drugpo.2018.06.018","0"
"http://ct.moreover.com/?a=38211452494&p=1pl&v=1&x=1Tq1CRYdnsbEyuZkWxONGQ","news","10.1016/j.drugpo.2018.06.018","0"
"http://ct.moreover.com/?a=38813906976&p=1pl&v=1&x=BRc4mbIqpwfwKFNAMxzKpg","news","10.1016/j.drugpo.2018.06.018","0"
"http://ct.moreover.com/?a=37919064665&p=1pl&v=1&x=e_u8p8rCOdm4uiT0D8_zmQ","news","10.1001/archpedi.162.10.994","1"
"http://feedproxy.google.com/~r/zmescience/~3/bf2oTNBnQZA/","news","10.1001/archpedi.162.10.994","1"
"http://ct.moreover.com/?a=37197156859&p=1pl&v=1&x=QjSmMcVOJGBQ9hgaM3bykw","news","10.1001/jamainternmed.2013.650","1"
"http://ct.moreover.com/?a=37463800264&p=1pl&v=1&x=qJvOzMZ0jOHTkPD0_BICnQ","news","10.1001/jamainternmed.2013.650","1"
"http://ct.moreover.com/?a=37919064665&p=1pl&v=1&x=e_u8p8rCOdm4uiT0D8_zmQ","news","10.1001/jamainternmed.2013.650","1"
"http://ct.moreover.com/?a=38266299649&p=1pl&v=1&x=MW4yfkiVI0_h5qZVB4EQ8g","news","10.1001/jamainternmed.2013.650","0"
"http://feedproxy.google.com/~r/zmescience/~3/bf2oTNBnQZA/","news","10.1001/jamainternmed.2013.650","1"
"http://ct.moreover.com/?a=37919064665&p=1pl&v=1&x=e_u8p8rCOdm4uiT0D8_zmQ","news","10.1001/archinternmed.2012.1278","1"
"http://feedproxy.google.com/~r/zmescience/~3/bf2oTNBnQZA/","news","10.1001/archinternmed.2012.1278","1"
"http://ct.moreover.com/?a=37197156859&p=1pl&v=1&x=QjSmMcVOJGBQ9hgaM3bykw","news","10.1001/jamapediatrics.2013.82","1"
"http://ct.moreover.com/?a=37463800264&p=1pl&v=1&x=qJvOzMZ0jOHTkPD0_BICnQ","news","10.1001/jamapediatrics.2013.82","1"
"http://feedproxy.google.com/~r/zmescience/~3/bf2oTNBnQZA/","news","10.1001/jamapediatrics.2013.82","1"
"http://ct.moreover.com/?a=37919064665&p=1pl&v=1&x=e_u8p8rCOdm4uiT0D8_zmQ","news","10.1001/jama.293.14.1727","1"
"http://feedproxy.google.com/~r/zmescience/~3/bf2oTNBnQZA/","news","10.1001/jama.293.14.1727","1"
"http://ct.moreover.com/?a=37919064665&p=1pl&v=1&x=e_u8p8rCOdm4uiT0D8_zmQ","news","10.1001/jamainternmed.2014.4098","1"
"http://feedproxy.google.com/~r/zmescience/~3/bf2oTNBnQZA/","news","10.1001/jamainternmed.2014.4098","1"
"http://ct.moreover.com/?a=37506338189&p=1pl&v=1&x=ASr6Spwnd0OvmL5s1rwOaA","news","10.1016/s0140-6736(11)61715-7","1"
"http://ct.moreover.com/?a=37919495583&p=1pl&v=1&x=gOYT7F9E1xSe6AxrxheVCQ","news","10.1016/s0140-6736(11)61715-7","1"
"http://ct.moreover.com/?a=34303930199&p=1pl&v=1&x=CHIme09qy2X8lcmcoygIsg","news","10.1056/nejmoa1200303","1"
"http://ct.moreover.com/?a=34305245749&p=1pl&v=1&x=icNrxO1HN1HfI_4mDSlhzg","news","10.1056/nejmoa1200303","1"
"http://ct.moreover.com/?a=34305601074&p=1pl&v=1&x=QTWG6X-MHgHl-fqDfQILGQ","news","10.1056/nejmoa1200303","1"
"http://ct.moreover.com/?a=34307157938&p=1pl&v=1&x=ICtkEfr8tjs7qp63gRaZ8Q","news","10.1056/nejmoa1200303","1"
"http://ct.moreover.com/?a=34308034662&p=1pl&v=1&x=vkdl60anNRprwTxft43CvA","news","10.1056/nejmoa1200303","1"
"http://ct.moreover.com/?a=34310131917&p=1pl&v=1&x=WuwZnXMxIVwiXCt-VNhrQw","news","10.1056/nejmoa1200303","1"
"http://ct.moreover.com/?a=34335342764&p=1pl&v=1&x=1SYmC_oxkDHsU_RnZC0iUA","news","10.1056/nejmoa1200303","0"
"http://ct.moreover.com/?a=34352405497&p=1pl&v=1&x=YHXA1Go-zBkqGJkiTYa01Q","news","10.1056/nejmoa1200303","1"
"http://ct.moreover.com/?a=37101433546&p=1pl&v=1&x=RxwGagK0Yt4pMrqU-k4g6A","news","10.1056/nejmoa1200303","0"
"http://ct.moreover.com/?a=37162052761&p=1pl&v=1&x=YWMQkw-1Mp02FJegXpbpBA","news","10.1056/nejmoa1200303","0"
"http://ct.moreover.com/?a=37377172660&p=1pl&v=1&x=Z-qbMnJdTy8SN9SrKNNPEA","news","10.1056/nejmoa1200303","1"
"http://ct.moreover.com/?a=34233596419&p=1pl&v=1&x=3qgLD3FMeXN8-I9G3rjm2g","news","10.20529/ijme.2018.037","1"
"http://ct.moreover.com/?a=37072725577&p=1pl&v=1&x=VHyMTJz-Qf8579AiYDSYcA","news","10.20529/ijme.2018.037","1"
"http://ct.moreover.com/?a=34342378042&p=1pl&v=1&x=-OhSCrULUpKPLzOB_vKdDg","news","10.1016/s2213-8587(17)30366-2","0"
"http://ct.moreover.com/?a=34342413693&p=1pl&v=1&x=DjybqiRW_mL9LORLnNpVJg","news","10.1016/s2213-8587(17)30366-2","0"
"http://ct.moreover.com/?a=34342438609&p=1pl&v=1&x=a27BMRfZsk-0Wvz9xAszlA","news","10.1016/s2213-8587(17)30366-2","0"
"http://ct.moreover.com/?a=34342471790&p=1pl&v=1&x=aFBuck6q4-PxtWpWgwVYfQ","news","10.1016/s2213-8587(17)30366-2","0"
"http://ct.moreover.com/?a=34342491322&p=1pl&v=1&x=4caTLp1W8YVGGK40-wdB3Q","news","10.1016/s2213-8587(17)30366-2","0"
"http://ct.moreover.com/?a=34342543897&p=1pl&v=1&x=Rg2rcJDLP4TF6PkOCcFJfQ","news","10.1016/s2213-8587(17)30366-2","0"
"http://ct.moreover.com/?a=34342596710&p=1pl&v=1&x=zTpG1G-ZGUTSnlCJMw-sqA","news","10.1016/s2213-8587(17)30366-2","0"
"http://ct.moreover.com/?a=34342681670&p=1pl&v=1&x=XxOj92DHtPM46qjuLlAhPg","news","10.1016/s2213-8587(17)30366-2","0"
"http://ct.moreover.com/?a=34392474230&p=1pl&v=1&x=WyfZmyRuFiAqmSWefqDrnA","news","10.1016/s2213-8587(17)30366-2","0"
"http://ct.moreover.com/?a=33989744242&p=1pl&v=1&x=GNc8-hbFVXTihNhPbxAS1w","news","10.1038/nmeth.4293","0"
"http://ct.moreover.com/?a=33685733856&p=1pl&v=1&x=tyJQPVkQ3aF89LRqZ9xW1Q","news","10.1038/nmeth.4293","0"
"http://ct.moreover.com/?a=33704429415&p=1pl&v=1&x=v601Y4MN9FYTckez3YpwmQ","news","10.1038/nmeth.4293","1"
"http://ct.moreover.com/?a=33721639584&p=1pl&v=1&x=ny5H4hxpHl39mfJSOLe9Iw","news","10.1038/nmeth.4293","1"
"http://ct.moreover.com/?a=34278515409&p=1pl&v=1&x=KnJPC9jwHaQcKGWwCYk2lA","news","10.1038/nmeth.4293","0"
"http://ct.moreover.com/?a=34287438846&p=1pl&v=1&x=3aJ9EQeDBEO92YQjOPowPA","news","10.1038/nmeth.4293","0"
"http://ct.moreover.com/?a=34321620280&p=1pl&v=1&x=a_pmO2ps4zy0zqZo75a3fg","news","10.1038/nmeth.4293","0"
"http://feedproxy.google.com/~r/environment_scene/~3/LP9jJM9HdIg/Untangling-CRISPR-cancer-scare.html","news","10.1038/nmeth.4293","0"
"http://ct.moreover.com/?a=34427257066&p=1pl&v=1&x=wh_P1rc3wyWZYBtts43CaA","news","10.1038/nmeth.4293","0"
"http://ct.moreover.com/?a=33793094913&p=1pl&v=1&x=Y4m8YrmPd10weVlHcQnyQg","news","10.1093/biosci/bix133","0"
"http://ct.moreover.com/?a=33803938829&p=1pl&v=1&x=DDW4MqGPTiBz1uUPxtUAIg","news","10.1093/biosci/bix133","0"
"https://mashable.com/2018/04/11/scientists-challenge-climate-denier-polar-bear-blogs/#VGlBbpUAKmqQ","news","10.1093/biosci/bix133","0"
"https://news.vice.com/en_us/article/3kj7xy/starving-polar-bears-are-now-the-poster-species-for-climate-change-deniers","news","10.1093/biosci/bix133","0"
"http://ct.moreover.com/?a=33766024201&p=1pl&v=1&x=ECPLHR1Oip6AS5KGjc8yNA","news","10.1093/biosci/bix133","0"
"http://ct.moreover.com/?a=33772071949&p=1pl&v=1&x=8LXtobnK4H2zym4vFEANWw","news","10.1093/biosci/bix133","0"
"http://nationalpost.com/news/world/how-are-the-oh-so-symbolic-polar-bears-really-doing-fight-between-climate-skeptics-and-scientists-heats-up","news","10.1093/biosci/bix133","0"
"http://ct.moreover.com/?a=34664867312&p=1pl&v=1&x=aaZRGyamFVUYQG9EehFv0g","news","10.1093/biosci/bix133","0"
"http://ct.moreover.com/?a=34558844192&p=1pl&v=1&x=pS1l2E7gMllFwR0XirQSlA","news","10.1097/aog.0000000000001628","0"
"http://ct.moreover.com/?a=33405422607&p=1pl&v=1&x=TLCvMA86L-TkyNMTmhObYA","news","10.1136/bcr-2017-223508","1"
"http://ct.moreover.com/?a=33410592331&p=1pl&v=1&x=0Ue84Cyv9cxC9BDCb3RVsA","news","10.1136/bcr-2017-223508","1"
"http://ct.moreover.com/?a=33443224185&p=1pl&v=1&x=YtAaDJWnW1KABFTbvoRUWQ","news","10.1136/bcr-2017-223508","1"
"http://ct.moreover.com/?a=33442099987&p=1pl&v=1&x=zNCRf0Us7B_ALJEI1Rb2qQ","news","10.1136/bcr-2017-223508","1"
"http://ct.moreover.com/?a=34060642721&p=1pl&v=1&x=ZAtb2v8yWJoKBfUI7K1lbg","news","10.1002/cncr.29381","1"
"http://ct.moreover.com/?a=34071691121&p=1pl&v=1&x=FaXvSuaSr6S4iA3Saf4N8g","news","10.1002/cncr.29381","1"
"http://ct.moreover.com/?a=33155405125&p=1pl&v=1&x=YxXipp6XTWb2zqG0nwxCIw","news","10.1016/j.jhevol.2017.09.005","0"
"http://ct.moreover.com/?a=33756890888&p=1pl&v=1&x=Yq1cLmYYUxiqwBMfYoDD6Q","news","10.1136/ip.2006.015115","0"
"http://ct.moreover.com/?a=33763989879&p=1pl&v=1&x=6CkzvP-s9BXLP6kMMI_nlA","news","10.1136/ip.2006.015115","0"
"http://ct.moreover.com/?a=32901065241&p=1pl&v=1&x=-R-tigwJjohNtsT9j_8U2A","news","10.1016/j.jinorgbio.2017.08.035","0"
"http://ct.moreover.com/?a=32123935039&p=1pl&v=1&x=368uZMAK8DTkOJNuG8F9Sw","news","10.1080/01436597.2017.1369037","1"
"http://ct.moreover.com/?a=32094526260&p=1pl&v=1&x=Kaq15VfhzWajEcszkn3FHw","news","10.1080/01436597.2017.1369037","1"
"http://ct.moreover.com/?a=32093155673&p=1pl&v=1&x=_34J6hMwZPLLIv9SkgAuuw","news","10.1080/01436597.2017.1369037","1"
"http://ct.moreover.com/?a=32128882512&p=1pl&v=1&x=nPXvLxxZyVzj0m3mu3F00Q","news","10.1080/01436597.2017.1369037","1"
"http://ct.moreover.com/?a=32129175001&p=1pl&v=1&x=INns2wW5SMjqKAs8NpTGNw","news","10.1080/01436597.2017.1369037","1"
"http://ct.moreover.com/?a=31405789414&p=1pl&v=1&x=w7g5WOKe8qJTNEUWLYTtfg","news","10.1038/nbt.3547","1"
"http://ct.moreover.com/?a=31411562587&p=1pl&v=1&x=gB7gBitSRMy0IUAh__M0lQ","news","10.1038/nbt.3547","0"
"http://ct.moreover.com/?a=31419385300&p=1pl&v=1&x=V43UMCEbf0lv1F_qUyEKYA","news","10.1038/nbt.3547","0"
"http://ct.moreover.com/?a=31422753374&p=1pl&v=1&x=cL7-X8Sa6zUui1TM6xSMdA","news","10.1038/nbt.3547","0"
"http://ct.moreover.com/?a=31425784894&p=1pl&v=1&x=CATmyWGe_E6Zz3e6_Tdccg","news","10.1038/nbt.3547","1"
"http://ct.moreover.com/?a=31445936100&p=1pl&v=1&x=c05SUw_FkWmxvQg3dxujKw","news","10.1038/nbt.3547","0"
"http://ct.moreover.com/?a=31446647222&p=1pl&v=1&x=5NveLh5y4BcWEVBP_oa7kg","news","10.1038/nbt.3547","0"
"http://ct.moreover.com/?a=31448624373&p=1pl&v=1&x=qCdQ14ANDIcH5gnqk6RMkg","news","10.1038/nbt.3547","0"
"http://ct.moreover.com/?a=30805383743&p=1pl&v=1&x=naBn0sq5mOdGEM34YwsfTg","news","10.1080/23311886.2017.1330439","1"
"http://feedproxy.google.com/~r/scroll_in/~3/6ElzuG1hnZQ/researcher-stands-by-paper-on-cervical-cancer-trials-in-india-after-journal-withdraws-it","news","10.1136/bmjgh-2016-000177","1"
"http://ct.moreover.com/?a=30883645387&p=1pl&v=1&x=3OzKPZ1CfV2ovVYkafUjHQ","news","10.1128/mcb.01170-13","1"
"http://ct.moreover.com/?a=30874125712&p=1pl&v=1&x=AbGpOCjrpLaJrJwVZML18w","news","10.18061/dsq.v31i4.1717","1"
"http://ct.moreover.com/?a=30900979502&p=1pl&v=1&x=eahOHoYOyM7NT21EAnXJGA","news","10.18061/dsq.v31i4.1717","1"
"http://ct.moreover.com/?a=29320326791&p=1pl&v=1&x=WVvIU6dKxCwIhwgXAil6Jw","news","10.1177/0093650212446622","1"
"http://ct.moreover.com/?a=29107299731&p=1pl&v=1&x=StwQfu4mfD5lYHMcdB5nLg","news","10.1016/j.cell.2013.04.008","0"
"http://ct.moreover.com/?a=28777622353&p=1pl&v=1&x=TC-wOxHprv3Sfg4ufZKMxQ","news","10.3389/fpubh.2016.00270","1"
"http://ct.moreover.com/?a=28787330152&p=1pl&v=1&x=N38xXUCzzxVQtBi-JRv3zg","news","10.3389/fpubh.2016.00270","1"
"http://ct.moreover.com/?a=28809270422&p=1pl&v=1&x=9tGvzQkf5ic3qiu6TpvK7Q","news","10.3389/fpubh.2016.00270","1"
"http://ct.moreover.com/?a=28850866271&p=1pl&v=1&x=OVcjlBX4j3v-F8hVHsefQw","news","10.3389/fpubh.2016.00270","1"
"http://ct.moreover.com/?a=28908981267&p=1pl&v=1&x=iPfT42mmff1s8wCvHYzXdg","news","10.17179/excli2015-642","1"
"http://ct.moreover.com/?a=28934044970&p=1pl&v=1&x=XLP_KPHJ3lVGALtksVWEgg","news","10.17179/excli2015-642","1"
"http://ct.moreover.com/?a=29323205890&p=1pl&v=1&x=oDc237-5ArU0LM15t1YwPg","news","10.1155/2015/764238","0"
"http://ct.moreover.com/?a=28652959457&p=1pl&v=1&x=9ku2CK1iig8na1oO4kAuSA","news","10.1212/01.wnl.0000078892.24356.90","1"
"http://ct.moreover.com/?a=28652959457&p=1pl&v=1&x=9ku2CK1iig8na1oO4kAuSA","news","10.1016/j.parkreldis.2010.10.008","1"
"http://ct.moreover.com/?a=26887359545&p=1pl&v=1&x=1EXqYev5FQc_JlbLKWsbaA","news","10.1016/j.hrthm.2016.05.028","0"
"http://ct.moreover.com/?a=26886319317&p=1pl&v=1&x=pt9-kJi1FOlIHZ8y-vXnRA","news","10.1016/j.hrthm.2016.05.028","0"
"http://ct.moreover.com/?a=26852272954&p=1pl&v=1&x=bBnN7uARlRATYBwQdQ1Oxg","news","10.1016/j.hrthm.2016.05.028","0"
"http://www.beckersspine.com/spine/item/31431-what-characterizes-a-patient-with-cervicothoracic-junction-herniated-discs-7-takeaways.html","news","10.1016/j.spinee.2016.04.021","0"
"http://ct.moreover.com/?a=26421668799&p=1pl&v=1&x=ONdkI9P9Zvhmtn9xXgjadw","news","10.1155/2015/729634","1"
"http://ct.moreover.com/?a=26421457924&p=1pl&v=1&x=2ZlduAktkhMYLQbueciFyw","news","10.1155/2015/729634","1"
"http://ct.moreover.com/?a=26421668799&p=1pl&v=1&x=ONdkI9P9Zvhmtn9xXgjadw","news","10.1155/2015/418060","1"
"http://ct.moreover.com/?a=26421457924&p=1pl&v=1&x=2ZlduAktkhMYLQbueciFyw","news","10.1155/2015/418060","1"
"http://ct.moreover.com/?a=25678773084&p=1pl&v=1&x=9MQBlc6cgfRscDkj_op7hg","news","10.1371/journal.pone.0146193","1"
"http://ct.moreover.com/?a=25678927430&p=1pl&v=1&x=vjWqPRStWpeOJ7LguCRecg","news","10.1371/journal.pone.0146193","1"
"http://ct.moreover.com/?a=25680809025&p=1pl&v=1&x=pnSnQjQJUg8NMjrc4ZseHQ","news","10.1371/journal.pone.0146193","1"
"http://ct.moreover.com/?a=25687266168&p=1pl&v=1&x=_48XpLRl15dB_FIowJ4_og","news","10.1371/journal.pone.0146193","1"
"http://ct.moreover.com/?a=25688593233&p=1pl&v=1&x=i9P0QwRjqnqX5kduem7T-A","news","10.1371/journal.pone.0146193","1"
"http://ct.moreover.com/?a=25694496820&p=1pl&v=1&x=HsZ5Sx3eFbr2duH6a-ss7Q","news","10.1371/journal.pone.0146193","1"
"http://ct.moreover.com/?a=25678310754&p=1pl&v=1&x=nG_kVFSt8wP24sEMjo_9gA","news","10.1371/journal.pone.0146193","1"
"http://ct.moreover.com/?a=25697150487&p=1pl&v=1&x=wBeZQfWMVIcYi7RnrT6jFw","news","10.1371/journal.pone.0146193","1"
"http://ct.moreover.com/?a=25723382738&p=1pl&v=1&x=tpD7D9m8A7I2UAfMRzUlHA","news","10.1371/journal.pone.0146193","1"
"http://ct.moreover.com/?a=25731219566&p=1pl&v=1&x=w4qgEMeAqtyxf9GMcr3D9Q","news","10.1371/journal.pone.0146193","1"
"http://ct.moreover.com/?a=25737925281&p=1pl&v=1&x=sG7FCHBAgJAA-A43yHu4Og","news","10.1371/journal.pone.0146193","1"
"http://ct.moreover.com/?a=25738725735&p=1pl&v=1&x=WVChvYI93Pl-11hKmBkWBQ","news","10.1371/journal.pone.0146193","1"
"http://ct.moreover.com/?a=25738742362&p=1pl&v=1&x=RgrOIKyQ6sbade5Li4412g","news","10.1371/journal.pone.0146193","1"
"http://ct.moreover.com/?a=25777011353&p=1pl&v=1&x=0DlUoJqAZ3YXMWoXDhnyMQ","news","10.1371/journal.pone.0146193","1"
"http://ct.moreover.com/?a=25777165814&p=1pl&v=1&x=khy5395hE81TwDOL7J3JAA","news","10.1371/journal.pone.0146193","1"
"http://www.zmescience.com/science/hand-of-god-article-04032016/?utm_source=feedburner&utm_medium=feed&utm_campaign=Feed%3A+zmescience+%28ZME+Science%29","news","10.1371/journal.pone.0146193","1"
"http://ct.moreover.com/?a=25487973110&p=1pl&v=1&x=2tCqGqq54r5blJQUqYdWGg","news","10.1016/j.vaccine.2015.12.067","1"
"http://ct.moreover.com/?a=26212256685&p=1pl&v=1&x=sZaQ9Ht-qZxqaAkwL5hbvQ","news","10.1016/j.vaccine.2015.12.067","0"
"http://ct.moreover.com/?a=27368491495&p=1pl&v=1&x=kRJ7FgjXnajFRQpVOubcHw","news","10.1177/0956797615609900","0"
"http://ct.moreover.com/?a=26417075431&p=1pl&v=1&x=gfjEr4cp7ErxKmVzjgT7mQ","news","10.2337/dc11-0338","0"
"http://ct.moreover.com/?a=24279707905&p=1pl&v=1&x=hGB5AtpYSUcylcSYCIoncQ","news","10.4236/fns.2013.46a006","1"
"http://ct.moreover.com/?a=24031860630&p=1pl&v=1&x=HlE9E0HVNzADvUs4wUW7_Q","news","10.1016/j.neurobiolaging.2015.11.019","0"
"http://ct.moreover.com/?a=23042708386&p=1pl&v=1&x=ZT7irILqXaGl-YkaWXZeDg","news","10.1007/s12032-015-0540-z","1"
"http://ct.moreover.com/?a=22681415393&p=1pl&v=1&x=cMP4zqTYrI75cXIgRD6N_g","news","10.1161/circresaha.114.302420","1"
"http://www.forbes.com/sites/henrymiller/2015/08/05/the-greenpeace-motto-save-the-whales-let-the-children-die/","news","10.3945/ajcn.111.030775","0"
"http://www.nature.com/news/the-week-in-science-31-july-6-august-2015-1.18120","news","10.3945/ajcn.111.030775","0"
"http://ct.moreover.com/?a=22718116932&p=1pl&v=1&x=Urkl4tGltKS-e5YHC6uJFQ","news","10.1002/14651858.cd008143.pub3","0"
"http://www.australiandoctor.com.au/Clinical/Therapy-update/Food-facts-and-fallacies","news","10.3823/1654","0"
"http://www.nytimes.com/2015/05/23/opinion/whats-behind-big-science-frauds.html","news","10.1126/science.1256151","1"
"http://observer.com/2015/05/faked-data-in-study-about-attitudes-on-same-sex-marriage-fooled-everyone/","news","10.1126/science.1256151","1"
"http://qz.com/408753/the-study-that-validated-americas-gay-marriage-proponents-strategy-was-faked/","news","10.1126/science.1256151","1"
"http://www.washingtonpost.com/politics/how-a-high-profile-same-sex-marriage-study-was-found-to-be-suspect/2015/05/20/04609b58-ff1c-11e4-805c-c3f407e5a9e9_story.html","news","10.1126/science.1256151","1"
"http://nymag.com/scienceofus/2015/05/co-author-of-the-faked-study-speaks-out.html","news","10.1126/science.1256151","1"
"http://globalnews.ca/news/2012099/bad-photoshop-a-human-barbie-and-other-things-that-were-fake-online-this-week/","news","10.1126/science.1256151","1"
"http://www.newyorker.com/science/maria-konnikova/how-a-gay-marriage-study-went-wrong","news","10.1126/science.1256151","1"
"http://www.realclearscience.com/2015/05/23/how_a_gay_marriage_study_went_wrong_264889.html?utm_medium=widget&utm_campaign=rss","news","10.1126/science.1256151","1"
"http://www.newrepublic.com/article/121964/theres-more-one-kind-conflict-interest-medical-research","news","10.1126/science.1256151","1"
"http://www.bioedge.org/bioethics/how-can-we-combat-science-fraud1/11475","news","10.1126/science.1256151","1"
"http://www.forbes.com/sites/janetstemwedel/2015/06/26/ethical-duties-when-knowledge-building-and-reputation-building-collide/","news","10.1126/science.1256151","1"
"http://chronicle.com/article/We-Need-to-Take-a-Look-at/230313/","news","10.1126/science.1256151","1"
"http://www.latimes.com/la-oe-0528-seife-scientific-research-process-20150528-story.html?track=rss","news","10.1126/science.1256151","1"
"http://www.technology.org/2015/04/16/patients-own-fat-cells-transplanted-to-treat-osteoarthritis-found-may-be-effective/","news","10.3727/096368915x686760","0"
"http://www.medicalnewstoday.com/releases/292562.php","news","10.3727/096368915x686760","0"
"http://medicalxpress.com/news/2015-04-patient-fat-cells-transplanted-osteoarthritis.html","news","10.3727/096368915x686760","0"
"http://www.sciencenewsline.com/summary/2015041713370005.html","news","10.3727/096368915x686760","0"
"http://www.todaytopics.com/patients-own-fat-cells-transplanted-to-treat-osteoarthritis-may-be-effective/36967/","news","10.3727/096368915x686760","0"
"http://www.emaxhealth.com/1275/new-osteoarthritis-treatment-involves-fat-cells","news","10.3727/096368915x686760","0"
"http://www.eurekalert.org/pub_releases/2015-04/ctco-pof041615.php","news","10.3727/096368915x686760","0"
"http://news.sciencemag.org/people-events/2014/06/embattled-psychologist-addresses-new-challenge","news","10.1177/1948550611410890","0"
"http://news.sciencemag.org/europe/2014/05/fresh-misconduct-charges-hit-dutch-social-psychology","news","10.1177/1948550611410890","1"
"http://www.globalresearch.ca/autism-links-to-vaccines-whistleblower-reveals-evidence-of-criminal-coverup-by-the-centers-for-disease-control-cdc/5397928","news","10.1186/2047-9158-3-16","1"
"http://www.globalresearch.ca/cnn-publishes-psyops-story-denying-vaccine-autism-link/5398076","news","10.1186/2047-9158-3-16","1"
"http://www.healio.com/psychiatry/autism-spectrum-disorders/news/online/%7Be58ea27f-459d-4efe-ac47-ad03f94de619%7D/study-on-link-between-mmr-vaccine-and-autism-redacted-from-publication","news","10.1186/2047-9158-3-16","1"
"http://guardianlv.com/2014/08/study-linking-vaccines-to-autism-removed-due-to-validity-concerns/","news","10.1186/2047-9158-3-16","1"
"http://www.examiner.com/article/racial-inequality-alleged-federal-government-support-of-fluoridation","news","10.1186/2047-9158-3-16","0"
"http://www.nbcnews.com/news/nbcblk/where-are-black-anti-vaxxers-measles-debate-n301646","news","10.1186/2047-9158-3-16","0"
"http://www.newsweek.com/2015/02/20/andrew-wakefield-father-anti-vaccine-movement-sticks-his-story-305836.html","news","10.1186/2047-9158-3-16","1"
"http://www.thedailybeast.com/articles/2014/09/01/anti-vaxxers-have-a-new-hero.html","news","10.1186/2047-9158-3-16","1"
"http://www.huffingtonpost.co.uk/2015/01/23/brian-clegg-new-year-new-you-nonsense-_n_6530546.html","news","10.2147/dmso.s27665","1"
"http://www.digitaljournal.com/science/pandemrix-h1n1-vaccine-and-narcolepsy/article/394401","news","10.1126/scitranslmed.3007762","1"
"http://www.realclearscience.com/journal_club/2014/08/18/narcolepsy_very_likely_an_autoimmune_disease_108792.html","news","10.1126/scitranslmed.3007762","1"
"http://www.realclearscience.com/articles/2014/08/12/the_deadly_politics_of_stem_cell_research_108786.html","news","10.1038/nature12969","1"
"http://www.nature.com/news/stem-cell-pioneer-blamed-media-bashing-in-suicide-note-1.15715","news","10.1038/nature12969","1"
"http://www.biosciencetechnology.com/articles/2014/09/prominent-japan-stem-cell-center-undergo-changes","news","10.1038/nature12969","1"
"http://www.the-scientist.com/?articles.view/articleNo/41056/title/Setting-the-Record-Straight/","news","10.1038/nature12969","1"
"http://www.nature.com/news/still-no-stem-cells-via-easy-stap-path-1.16606","news","10.1038/nature12969","1"
"http://news.sciencemag.org/biology/2014/12/discredited-stap-cells-were-likely-embryonic-stem-cells","news","10.1038/nature12969","1"
"http://www.nature.com/news/research-integrity-cell-induced-stress-1.15507","news","10.1038/nature12969","1"
"http://www.nature.com/news/japanese-scientist-resigns-as-stap-stem-cell-method-fails-1.16631","news","10.1038/nature12969","1"
"http://www.bbc.co.uk/news/health-30534674","news","10.1038/nature12968","1"
"http://www.realclearscience.com/articles/2014/08/12/the_deadly_politics_of_stem_cell_research_108786.html","news","10.1038/nature12968","1"
"http://www.nature.com/news/stem-cell-pioneer-blamed-media-bashing-in-suicide-note-1.15715","news","10.1038/nature12968","1"
"http://www.biosciencetechnology.com/articles/2014/09/prominent-japan-stem-cell-center-undergo-changes","news","10.1038/nature12968","1"
"http://www.nature.com/news/still-no-stem-cells-via-easy-stap-path-1.16606","news","10.1038/nature12968","1"
"http://news.sciencemag.org/biology/2014/12/discredited-stap-cells-were-likely-embryonic-stem-cells","news","10.1038/nature12968","1"
"http://www.theguardian.com/technology/2014/dec/09/facebook-emotional-experiment-most-shared-academic-research","news","10.1038/nature12968","0"
"http://www.nature.com/news/research-integrity-cell-induced-stress-1.15507","news","10.1038/nature12968","1"
"http://www.nature.com/news/japanese-scientist-resigns-as-stap-stem-cell-method-fails-1.16631","news","10.1038/nature12968","1"
"http://feeds.theguardian.com/c/34708/f/663867/s/4143ac27/sc/15/l/0L0Stheguardian0N0Ctechnology0C20A140Cdec0C0A90Cfacebook0Eemotional0Eexperiment0Emost0Eshared0Eacademic0Eresearch/story01.htm","news","10.1038/nature12968","0"
"http://www.the-scientist.com/?articles.view/articleNo/39912/title/More-Doubt-Cast-Over-Cardiac-Stem-Cells/","news","10.1161/circulationaha.112.118380","1"
"http://theconversation.com/was-canola-case-shows-gm-crops-are-still-being-demonised-23123","news","10.1016/j.fct.2012.08.005","1"
"http://www.examiner.com/article/does-roundup-cause-celiac-disease-or-gluten-intolerance","news","10.1016/j.fct.2012.08.005","1"
"http://www.rsc.org/chemistryworld/2013/08/blogging-power-great-responsibility-scientific-malpractice-data-integrity","news","10.1021/nl400959z","1"
"http://www.biomedcentral.com/biome/malaria-metabolomics-and-the-missing-mitochondrial-enzyme/","news","10.1038/nature09301","0"
"http://www.boston.com/news/science/blogs/science-in-mind/2013/02/15/mit-investigation-finds-former-brain-researcher-falsified-data/M9urEvI8ksAAGrTWix15iL/blog.html","news","10.1016/j.cell.2010.09.025","1"
"http://www.forbes.com/sites/larryhusten/2013/05/23/novartis-acknowledges-its-employees-participated-in-independent-trials/","news","10.1093/eurheartj/ehp363","1"
"http://discovermagazine.com/2013/march/17-shadow-virus?utm_source=feedburner&utm_medium=feed&utm_campaign=Feed%3A+DiscoverHealthMedicine+%28Discover+Health+%26+Medicine%29","news","10.1371/journal.ppat.0020025","1"
"http://discovermagazine.com/2013/march/17-shadow-virus","news","10.1371/journal.ppat.0020025","1"
"http://the-scientist.com/2012/09/19/proteinaceous-cassava-lacks-protein/","news","10.1371/journal.pone.0016256","0"
"http://www.bbc.co.uk/news/health-16306646","news","10.1126/science.1179052","1"
"http://www.the-scientist.com/?articles.view/articleNo/32226/title/Chronic-Fatigue-Case-Dropped/","news","10.1126/science.1179052","1"
"http://www.the-scientist.com/?articles.view/articleNo/31028/title/Cancer-Researcher-Fabricated-Data/","news","10.1210/me.2009-0231","1"
"https://forbetterscience.com/2019/06/24/patriotism-and-the-many-secret-identities-of-luming-zhang/","blogs","10.1007/s11042-017-5385-3","1"
"https://forbetterscience.com/2019/06/04/springer-secretly-ashamed-elsevier-lets-it-all-hang-out/","blogs","10.1007/s11042-017-5403-5","1"
"https://forbetterscience.com/2019/06/04/springer-secretly-ashamed-elsevier-lets-it-all-hang-out/","blogs","10.1007/s11042-017-5400-8","1"
"https://iowaclimate.org/2019/09/25/resplandy-et-al-part-5-final-outcome/","blogs","10.1038/s41586-018-0651-8","1"
"https://climate-science.press/2019/09/25/resplandy-et-al-part-5-final-outcome/","blogs","10.1038/s41586-018-0651-8","1"
"https://climate-science.press/2019/09/25/resplandy-et-al-part-5-final-outcome-2/","blogs","10.1038/s41586-018-0651-8","1"
"https://retractionwatch.com/2019/09/20/fishy-data-doom-paper-by-usda-aquaculture-researcher/","blogs","10.1080/15222055.2017.1356407","1"
"https://retractionwatch.com/2019/07/31/drug-researchers-trip-up-lifting-meth-paper-to-write-one-on-lsd/","blogs","10.1177/0960327118814162","1"
"https://forbetterscience.com/2019/06/04/springer-secretly-ashamed-elsevier-lets-it-all-hang-out/","blogs","10.1007/s11042-017-5322-5","1"
"https://retractionwatch.com/2019/07/22/contamination-leech-data-lead-to-expression-of-concern/","blogs","10.1093/gbe/evz120","1"
"https://retractionwatch.com/2019/07/23/gravitational-fields-fish-excrement-and-putor-programs-how-did-this-pure-utter-nonsense-get-into-in-a-peer-reviewed-journal/","blogs","10.1007/s00436-018-6010-8","0"
"https://edzardernst.com/2019/06/a-suspect-homeopathy-paper-has-been-withdrawn-does-that-mean-it-was-fraudulent/","blogs","10.1038/s41598-018-31971-9","1"
"https://forbetterscience.com/2019/06/04/springer-secretly-ashamed-elsevier-lets-it-all-hang-out/","blogs","10.1007/s11042-017-5390-6","1"
"https://forbetterscience.com/2019/06/24/patriotism-and-the-many-secret-identities-of-luming-zhang/","blogs","10.1007/s11042-017-5390-6","1"
"https://forbetterscience.com/2019/06/04/springer-secretly-ashamed-elsevier-lets-it-all-hang-out/","blogs","10.1016/j.jvcir.2019.02.024","1"
"https://forbetterscience.com/2019/06/24/patriotism-and-the-many-secret-identities-of-luming-zhang/","blogs","10.1016/j.jvcir.2019.02.024","1"
"https://forbetterscience.com/2019/06/04/springer-secretly-ashamed-elsevier-lets-it-all-hang-out/","blogs","10.1007/s11042-017-5372-8","1"
"https://forbetterscience.com/2019/06/04/springer-secretly-ashamed-elsevier-lets-it-all-hang-out/","blogs","10.1007/s11042-017-5597-6","1"
"https://forbetterscience.com/2019/06/13/li-jia-the-research-fraud-olympian/","blogs","10.1074/mcp.m113.034025","1"
"https://forbetterscience.com/2019/06/04/springer-secretly-ashamed-elsevier-lets-it-all-hang-out/","blogs","10.1007/s11042-017-5361-y","1"
"https://forbetterscience.com/2019/06/04/springer-secretly-ashamed-elsevier-lets-it-all-hang-out/","blogs","10.1007/s11042-017-5298-1","1"
"https://forbetterscience.com/2019/06/04/springer-secretly-ashamed-elsevier-lets-it-all-hang-out/","blogs","10.1007/s11042-017-5558-0","1"
"https://forbetterscience.com/2019/06/04/springer-secretly-ashamed-elsevier-lets-it-all-hang-out/","blogs","10.1007/s11042-017-5598-5","1"
"https://forbetterscience.com/2019/06/04/springer-secretly-ashamed-elsevier-lets-it-all-hang-out/","blogs","10.1007/s11042-017-4820-9","1"
"https://forbetterscience.com/2019/06/04/springer-secretly-ashamed-elsevier-lets-it-all-hang-out/","blogs","10.1016/j.jvcir.2019.03.006","1"
"https://forbetterscience.com/2019/06/04/springer-secretly-ashamed-elsevier-lets-it-all-hang-out/","blogs","10.1007/s11042-017-5392-4","1"
"https://retractionwatch.com/2019/04/22/maybe-combining-red-wine-and-tea-doesnt-kill-tumors-after-all/","blogs","10.1371/journal.pone.0023395","0"
"https://forbetterscience.com/2019/05/29/yogeshwer-shuklas-toxic-career-of-ayurvedic-infusions/","blogs","10.1371/journal.pone.0023395","1"
"http://feedproxy.google.com/~r/neuroscience-rss-feeds-neuroscience-news/~3/C0ZNmHuvnsk/","blogs","10.1371/journal.pone.0124344","1"
"https://forbetterscience.com/2019/04/23/professor-zhaos-paper-mill-of-fraud/","blogs","10.1186/s12935-016-0362-x","1"
"https://blogs.bmj.com/medical-humanities/2019/04/15/temporary-measures/","blogs","10.1001/jama.2018.12615","0"
"https://scopeblog.stanford.edu/2019/04/17/what-needs-to-be-said-about-mental-health-in-medicine/","blogs","10.1001/jama.2018.12615",""
"https://forbetterscience.com/2019/01/14/texas-photoshop-massacre-in-nature/","blogs","10.1038/s41586-018-0499-y","1"
"https://forbetterscience.com/2019/05/29/yogeshwer-shuklas-toxic-career-of-ayurvedic-infusions/","blogs","10.1016/j.lfs.2007.04.009","1"
"https://blogs.bmj.com/bmj/2019/07/04/duncan-jarvies-its-time-for-healthcare-to-be-a-better-lgbt-ally/","blogs","10.1016/j.socscimed.2013.06.005","0"
"https://forbetterscience.com/2019/01/23/the-bio-talent-of-nanofabrication-in-poland/","blogs","10.1371/journal.pone.0164064","1"
"https://ifp.nyu.edu/2018/journal-article-abstracts/tobaccocontrol-2018-054586-witv1/","blogs","10.1136/tobaccocontrol-2018-054586","1"
"http://blogs.lse.ac.uk/gender/2018/10/29/study-your-grievances/","blogs","10.1007/s11199-018-0962-0","1"
"https://blogs.lse.ac.uk/gender/2018/10/29/study-your-grievances/","blogs","10.1007/s11199-018-0962-0","1"
"https://leftbrainrightbrain.co.uk/2018/11/29/why-autism-at-2-5-isnt-surprising/","blogs","10.15585/mmwr.ss6706a1","0"
"https://leftbrainrightbrain.co.uk/2018/12/18/heres-one-part-of-brian-hookers-reanalysis-that-shows-just-how-cynical-the-anti-vaccine-movement-is/","blogs","10.15585/mmwr.ss6706a1","1"
"http://retractionwatch.com/2018/11/13/a-convicted-felon-writes-a-paper-on-hotly-debated-diets-what-could-go-wrong/","blogs","10.1002/clc.23047","1"
"https://ipscell.com/2018/12/on-stem-cells-for-lungs-for-profit-clinics-offerings-dont-make-much-sense/","blogs","10.1056/nejmoa1101324","0"
"http://retractionwatch.com/2018/10/17/sufficiently-serious-issues-in-study-prompt-company-to-yank-drug-approval-application-in-china/","blogs","10.1111/apt.13334","1"
"https://www.econlib.org/sokal-2-0-an-ideological-turing-test/","blogs","10.1080/0966369x.2018.1475346","0"
"https://jonathanturley.org/2018/10/18/faculty-members-denounce-the-rape-culture-at-st-lawrence-university-as-part-of-its-calls-to-rescind-sen-collins-honorary-degree/","blogs","10.1080/0966369x.2018.1475346","1"
"http://sciencebasedmedicine.org/elephants-herpes-and-protests-a-zoo-tragedy-distorted/","blogs","10.1080/0966369x.2018.1475346","0"
"https://www.econlib.org/sokal-2-0-an-ideological-turing-test/","blogs","10.1080/21604851.2018.1453622","0"
"http://feedproxy.google.com/~r/DiscoverTopStories/~3/CnEmbad0E8I/","blogs","10.1016/j.drugpo.2018.06.018","0"
"https://retractionwatch.com/2018/09/01/weekend-reads-chinas-black-market-in-publishing-no-fraud-in-ngago-gene-editing-work-says-university-predatory-journal-crackdown/","blogs","10.1097/ta.0000000000001662","1"
"https://retractionwatch.com/2018/08/23/elsevier-investigating-paper-on-solar-cells-that-appears-to-plagiarize-a-nature-journal/","blogs","10.1016/j.solmat.2018.05.055","1"
"https://retractionwatch.com/2018/08/28/a-high-profile-paper-linked-cataract-surgery-to-a-lower-risk-of-death-it-was-wrong/","blogs","10.1001/jamaophthalmol.2017.4512","1"
"https://forbetterscience.com/2018/09/03/megagrant-the-russian-docu-novel-of-paolo-macchiarini/","blogs","10.1016/s0140-6736(11)61715-7","0"
"https://forbetterscience.com/2018/12/11/swedish-prosecution-authority-reopens-macchiarini-manslaughter-investigation/","blogs","10.1016/s0140-6736(11)61715-7","1"
"http://feedproxy.google.com/~r/AcpInternistBlog/~3/krrcSsc5Eiw/the-mediterranean-diet-where-are-we-now.html","blogs","10.1056/nejmoa1200303","0"
"http://naturalsociety.com/mediterranean-diet-lower-stroke-risk-especially-women-1567/","blogs","10.1056/nejmoa1200303","0"
"https://andrewgelman.com/2018/11/04/cornell-prof-not-pizzagate-guy-one-quick-trick-getting-1700-peer-reviewed-publications-cv/","blogs","10.1177/0143034310386534","1"
"https://retractionwatch.com/2018/08/02/a-journal-waited-13-months-to-reject-a-submission-days-later-it-published-a-plagiarized-version-by-different-authors/","blogs","10.1007/s11042-017-5536-6","1"
"https://retractionwatch.com/2018/06/19/fecal-transplant-paper-pulled-for-personal-issue/","blogs","10.1097/mpg.0000000000001772","1"
"https://retractionwatch.com/2018/05/21/caught-our-notice-a-team-from-harvard-cornell-cambridge-hhmi-and-ucsf-cant-reproduce-a-papers-findings/","blogs","10.1016/j.chom.2013.03.011","1"
"https://retractionwatch.com/2018/04/17/youth-guru-loses-turkey-neck-paper-that-overlapped-with-book-chapter/","blogs","10.1097/dss.0000000000001347","1"
"http://thenode.biologists.com/march-in-preprints-2/highlights/","blogs","10.1038/nmeth.4293","1"
"https://pharmaceuticalintelligence.com/2018/06/17/cancer-threat-in-crispr-cas9-method/","blogs","10.1038/nmeth.4293","0"
"https://ajkdblog.org/2018/08/10/kidney-crispr-how-close-are-we/","blogs","10.1038/nmeth.4293","1"
"https://retractionwatch.com/2018/04/02/caught-our-notice-climate-change-leads-to-more-neurosurgery-for-polar-bears/","blogs","10.1093/biosci/bix133","1"
"http://feedproxy.google.com/~r/AllThingsMetathesis/~3/V0L2usIFQYk/","blogs","10.1021/acs.organomet.7b00556","1"
"https://rewire.news/article/2018/04/13/d-c-statehood-reproductive-justice-issue/","blogs","10.1097/aog.0000000000001628","0"
"http://cornellsun.com/2018/03/05/new-controversies-emerge-surrounding-cornell-professors-fundraiser-and-studies/?utm_source=rss&utm_medium=rss","blogs","10.1016/j.ypmed.2012.07.012","1"
"https://retractionwatch.com/2018/03/01/overlooked-virus-generated-a-mess-infected-highly-cited-cell-pnas-papers/","blogs","10.1016/j.cell.2013.07.048","1"
"http://ifp.nyu.edu/2018/journal-article-abstracts/4852804/","blogs","10.1093/intqhc/mzy018","0"
"https://retractionwatch.com/2018/03/29/stem-cell-paper-falsification-leads-to-firing-nobelist-also-penalized/","blogs","10.1016/j.stemcr.2017.01.023","1"
"https://retractionwatch.com/2018/03/15/the-1-key-was-not-pressed-hard-enough-did-a-typo-kill-a-cancer-paper/","blogs","10.1016/j.oraloncology.2017.06.024","1"
"http://genestogenomes.org/new-in-g3-genome-reports-galore-genomic-prediction-in-cauliflower-and-trout-and-use-of-a-sibling-subtraction-method/","blogs","10.1534/g3.117.300097","1"
"https://retractionwatch.com/2018/05/25/two-years-after-student-loses-phd-ori-concludes-he-committed-misconduct/","blogs","10.1021/ja402927u","1"
"https://arstechnica.com/?p=1268027","blogs","10.1136/bcr-2017-223508","1"
"http://retractionwatch.com/2018/01/22/caught-notice-data-went-missing-lab-tech-filled-gaps/","blogs","10.3892/mmr.2013.1280","1"
"https://retractionwatch.com/2018/05/14/cancer-researcher-said-she-collected-blood-from-98-people-it-was-all-her-own/","blogs","10.1002/cncr.29381","1"
"http://retractionwatch.com/2018/01/16/caught-notice-doesnt-anyone-literature-review/","blogs","10.1080/14786419.2017.1300800","1"
"http://retractionwatch.com/2018/01/04/elsevier-knew-author-faked-reviews-kept-accepting-papers-year/","blogs","10.1016/j.ijhydene.2016.06.178","1"
"https://forbetterscience.com/2017/07/09/fishy-peer-review-at-science-by-citizen-scientist-ted-held/","blogs","10.1126/science.aad8828","1"
"https://theincidentaleconomist.com/wordpress/better-car-seats-are-just-the-start-road-safety-lessons-from-sweden/","blogs","10.1136/ip.2006.015115","1"
"http://retractionwatch.com/2018/01/01/caught-notice-ori-flags-paper-former-grad-student-university-flags-another/","blogs","10.1021/acschembio.5b00632","1"
"https://retractionwatch.com/2018/04/05/in-what-appears-to-be-a-first-researcher-sanctioned-twice-by-ori/","blogs","10.1021/acschembio.5b00632","1"
"http://retractionwatch.com/2017/12/04/caught-notice-find-paper-relied-expired-material/","blogs","10.1371/journal.pone.0172470","1"
"http://retractionwatch.com/2018/01/11/caught-notice-journals-still-slowly-purging-archives-bad-cell-line-studies/","blogs","10.1155/2014/540516","1"
"http://retractionwatch.com/2018/01/16/caught-notice-doesnt-anyone-literature-review/","blogs","10.1128/genomea.00731-17","1"
"http://questioning-answers.blogspot.com/2017/11/aluminium-in-brain-tissue-in-autism-a-first.html","blogs","10.1016/j.jinorgbio.2017.08.035","0"
"http://retractionwatch.com/2017/11/22/caught-notice-wait-wrote-paper/","blogs","10.2147/ijgm.s27373","1"
"https://thedisorderofthings.com/2017/10/07/the-eternal-return-of-benign-colonialism/","blogs","10.1080/01436597.2017.1369037","1"
"http://retractionwatch.com/2017/10/09/credible-threats-personal-violence-editor-prompt-withdrawal-colonialism-paper/","blogs","10.1080/01436597.2017.1369037","1"
"http://www.3quarksdaily.com/3quarksdaily/2017/10/the-case-for-contrarianism.html?utm_source=feedburner&utm_medium=feed&utm_campaign=Feed%3A+3quarksdaily+%283quarksdaily%29","blogs","10.1080/01436597.2017.1369037","1"
"https://thisweekinafrica.tumblr.com/post/166463935536","blogs","10.1080/01436597.2017.1369037","1"
"http://www.3quarksdaily.com/3quarksdaily/2018/01/the-great-british-empire-debate.html?utm_source=feedburner&utm_medium=feed&utm_campaign=Feed%3A+3quarksdaily+%283quarksdaily%29","blogs","10.1080/01436597.2017.1369037","1"
"http://retractionwatch.com/2018/01/29/caught-notice-article-repetition-duplicated-priceless/","blogs","10.1080/10548408.2017.1341361","1"
"http://retractionwatch.com/2017/11/13/caught-notice-dear-peer-reviewer-please-read-methods-section-sincerely-everyone/","blogs","10.1177/1753425916663311","1"
"http://retractionwatch.com/2017/09/29/journal-adds-concern-notice-paper-psychologist-jens-forster/","blogs","10.1016/j.jesp.2011.08.012","1"
"http://retractionwatch.com/2017/11/23/caught-notice-authors-go-mia-article-may-follow/","blogs","10.1002/1873-3468.12600","1"
"http://retractionwatch.com/2017/12/01/caught-notice-dont-count-chicken-genes-theyre-hatched/","blogs","10.1089/dna.2017.3798","1"
"http://retractionwatch.com/2017/11/24/caught-notice-know-someones-vaccinated-just-asking-isnt-enough/","blogs","10.1111/ppe.12371","1"
"http://retractionwatch.com/2017/10/05/early-data-potential-anti-cancer-compound-now-human-trials-falsified-company-admits/","blogs","10.1158/1538-7445.am2015-408","1"
"http://retractionwatch.com/2017/09/07/ucsf-va-investigations-find-clear-evidence-misconduct-cancer-papers/","blogs","10.1158/1078-0432.ccr-03-0166","1"
"http://retractionwatch.com/2017/09/05/scientifically-misleading-errors-prompt-authors-withdraw-paper/","blogs","10.1364/ome.7.002352","1"
"http://retractionwatch.com/2017/08/31/author-cops-randomly-choosing-data-figures-paper-colleagues-say/","blogs","10.1074/jbc.m113.471433","1"
"http://retractionwatch.com/2017/08/01/investigation-started-least-5-years-ago-retired-ob-gyn-prof-agrees-5-years-supervision/","blogs","10.1016/j.jri.2006.08.082","1"
"http://retractionwatch.com/2017/09/11/authors-withdraw-study-citing-accidentally-duplicated-images/","blogs","10.1074/jbc.m603393200","1"
"http://retractionwatch.com/2017/12/20/caught-notice-oops-10-fold-error-reverses-heart-warning-ghanaians/","blogs","10.1155/2016/3150498","1"
"http://retractionwatch.com/2017/07/24/work-group-australian-university-faces-scrutiny/","blogs","10.3389/fphar.2016.00226","1"
"http://retractionwatch.com/2017/06/19/former-prof-fudged-dozens-images-says-university/","blogs","10.4049/jimmunol.1201651","1"
"http://retractionwatch.com/2017/06/19/former-prof-fudged-dozens-images-says-university/","blogs","10.1073/pnas.1221733110","1"
"http://retractionwatch.com/2017/07/03/experiments-not-performed-appropriately-florida-researchers-lose-two-papers/","blogs","10.1074/jbc.m114.608232","1"
"http://retractionwatch.com/2017/07/03/experiments-not-performed-appropriately-florida-researchers-lose-two-papers/","blogs","10.1074/jbc.m115.688424","1"
"http://retractionwatch.com/2017/06/13/quick-fish-food-x-rays-case-elsevier-production-error/","blogs","10.1016/j.ejrad.2017.05.043","1"
"http://retractionwatch.com/2017/07/11/lost-translation-authors-blame-language-error-wrong-diagnosis/","blogs","10.1212/wnl.0000000000003356","1"
"http://languagelog.ldc.upenn.edu/nll/?p=34106","blogs","10.1016/j.lingua.2016.07.006","0"
"http://retractionwatch.com/2017/06/19/former-prof-fudged-dozens-images-says-university/","blogs","10.1172/jci60214","1"
"http://retractionwatch.com/2017/05/30/bmj-journal-yanks-paper-cancer-screening-india-fear-legal-action/","blogs","10.1136/bmjgh-2016-000177","1"
"http://ifp.nyu.edu/2017/journal-article-abstracts/a-randomized-trial-of-motivational-interviewing-for-the-prevention-of-underage-drinking-in-american-indian-adolescents/","blogs","10.1016/j.jsat.2017.04.015","0"
"http://dailynous.com/2017/04/20/mini-heap-5/","blogs","10.18061/dsq.v31i4.1717","1"
"http://retractionwatch.com/2017/06/28/plagiarism-costs-author-five-papers-five-different-journals/","blogs","10.1093/jrs/few023","1"
"http://retractionwatch.com/2017/04/11/chemistry-papers-challenged-paradigm-authors-spotted-pivotal-error/","blogs","10.1021/mz400145m","1"
"https://forbetterscience.com/2017/03/07/the-stinking-fish-of-strasbourg/","blogs","10.1128/jvi.76.13.6815-6824.2002","1"
"http://retractionwatch.com/2017/07/18/ex-wayne-state-scientist-ori-square-off-court/","blogs","10.1179/016164111x12881719352570","1"
"https://forbetterscience.com/2017/02/27/susana-rivas-a-new-research-integrity-scandal-in-french-plant-sciences/","blogs","10.1105/tpc.010357","1"
"http://retractionwatch.com/2017/07/11/lost-translation-authors-blame-language-error-wrong-diagnosis/","blogs","10.1212/wnl.0000000000002551","1"
"http://retractionwatch.com/2017/05/08/can-math-unconsciously-replicators-prominent-2012-study-doubts/","blogs","10.1002/ejsp.2175","1"
"http://retractionwatch.com/2017/04/10/researcher-gave-fake-contact-info-co-authors-submit-papers-without-consent/","blogs","10.1016/j.ihj.2016.09.004","1"
"http://retractionwatch.com/2017/02/27/authors-couldnt-find-patient-give-consent-case-report-patient-found-report/","blogs","10.1097/md.0000000000002501","1"
"http://retractionwatch.com/2017/01/09/example-authors-uphold-researcher-logs-5-corrections/","blogs","10.1074/jbc.m508892200","1"
"http://blogs.discovermagazine.com/neuroskeptic/2016/11/30/defend-consensus/?utm_source=feedburner&utm_medium=feed&utm_campaign=Feed%3A%20DiscoverTopStories%20%28Discover%20Top%20Stories%29","blogs","10.3389/fpubh.2016.00270","1"
"http://motherboard.vice.com/read/frontiers-autism-antivax-generation-rescue-jenny-mccarthy","blogs","10.3389/fpubh.2016.00270","1"
"https://pubmedcommonsblog.ncbi.nlm.nih.gov/2017/04/06/authors-alerting-readers-via-pubmed-commons/","blogs","10.1016/j.psychres.2015.05.039","1"
"http://retractionwatch.com/2016/11/07/journal-pulls-plug-on-paper-that-predicts-persons-death-against-authors-objections/","blogs","10.3389/fnhum.2016.00173","1"
"http://motls.blogspot.com/2016/10/crackpot-joy-christian-tried-childish.html?utm_source=feedburner&utm_medium=feed&utm_campaign=Feed%3A+LuboMotlsReferenceFrame+%28Lubos+Motl%27s+reference+frame%29","blogs","10.1016/j.aop.2016.06.021","1"
"http://retractionwatch.com/2016/12/12/dear-peer-reviewer-stole-paper-authors-worst-nightmare/","blogs","10.17179/excli2015-642","1"
"http://retractionwatch.com/2016/09/05/a-plagiarism-loop-authors-copied-from-papers-that-had-copied-from-others/","blogs","10.1007/s12206-014-0524-5","1"
"http://futureandcosmos.blogspot.com/2016/08/there-is-no-plausible-explanation-for.html","blogs","10.3389/fnhum.2011.00181","0"
"http://retractionwatch.com/2016/06/27/investigation-raises-questions-about-top-cancer-researchers-work/","blogs","10.1002/path.4254","1"
"http://blog.f1000research.com/2016/09/12/moving-to-opportunity-challenging-an-analysis-of-poverty-opportunity-and-ptsd/","blogs","10.1001/jama.2014.607","0"
"http://retractionwatch.com/2016/06/16/nutrition-researcher-loses-two-more-papers-after-misconduct-findings-come-to-light/","blogs","10.1016/s0271-5317(01)00366-9","1"
"http://retractionwatch.com/2016/06/16/nutrition-researcher-loses-two-more-papers-after-misconduct-findings-come-to-light/","blogs","10.1016/s0271-5317(01)00369-4","1"
"http://retractionwatch.com/2016/07/26/who-is-ranjit-kumar-chandra-a-timeline-of-notoriety/","blogs","10.1016/s0271-5317(01)00369-4","1"
"http://retractionwatch.com/2016/08/31/sting-operation-forces-predatory-publisher-to-pull-paper/","blogs","10.5455/medarh.2015.69.393-395","1"
"https://forbetterscience.wordpress.com/2016/06/10/triplicated-paper-with-multiplicated-cells-and-images/","blogs","10.3389/fphar.2014.00137","1"
"https://forbetterscience.wordpress.com/2016/07/04/self-plagiarism-helps-careers-hurts-noone/","blogs","10.1007/s10555-014-9540-2","1"
"https://forbetterscience.wordpress.com/2016/06/21/mario-saad-and-the-return-of-the-wandering-western-blot/","blogs","10.1371/journal.pbio.1001212","1"
"http://retractionwatch.com/2016/06/15/third-party-company-botched-students-doctoral-work-says-biologist/","blogs","10.1159/000338489","1"
"https://forbetterscience.wordpress.com/2016/09/30/mild-criticism-only-for-sumitran-holgersson-and-olausson-from-gothenburg-university-hospital-investigation/","blogs","10.1089/ten.tea.2012.0514","1"
"http://retractionwatch.com/2016/06/02/author-committed-serious-mistakes-finds-taipei-investigation/","blogs","10.1161/atvbaha.108.165993","1"
"http://retractionwatch.com/2016/04/27/einstein-grad-student-admits-cooking-data-settles-with-office-of-research-integrity/","blogs","10.1016/j.celrep.2015.06.010","1"
"http://blog.brainfacts.org/2016/06/lincolns-misfortunedepression/","blogs","10.1001/jamapsychiatry.2014.1054","0"
"http://blogs.plos.org/mindthebrain/2016/09/14/cobra-study-would-have-shown-homeopathy-can-be-substituted-for-cognitive-behavior-therapy-for-depression/","blogs","10.1001/jamapsychiatry.2014.1054","0"
"http://retractionwatch.com/2016/06/29/we-were-completely-shocked-plant-biologists-issue-mega-correction/","blogs","10.1105/tpc.114.122853","1"
"http://retractionwatch.com/2016/05/26/neuroscientist-forged-co-authors-signature-submitted-paper-without-consent/","blogs","10.1111/ejn.12162","1"
"https://forbetterscience.wordpress.com/2016/05/30/the-3rd-editor-and-failure-of-proper-channels/","blogs","10.1111/epi.12250","1"
"http://futureandcosmos.blogspot.com/2016/03/the-dart-of-vacuum-miracle-hit-distant.html","blogs","10.1371/journal.pone.0146193","1"
"http://pandasthumb.org/archives/2016/03/intelligent-des-50.html","blogs","10.1371/journal.pone.0146193","1"
"http://jonfwilkins.com/2016/03/mystery-of-the-creators-invention-at-plos-one/?utm_source=feedburner&utm_medium=feed&utm_campaign=Feed%3A+LostInTranscription+%28Lost+in+Transcription%29","blogs","10.1371/journal.pone.0146193","1"
"http://www.buzzfeed.com/kellyoakes/plos-one-creatorgate?utm_term=4ldqpia","blogs","10.1371/journal.pone.0146193","1"
"http://www.evolutionnews.org/2016/03/mob_with_pitchf102658.html","blogs","10.1371/journal.pone.0146193","1"
"http://feeds.gawker.com/~r/io9/full/~3/WdXugW0-RHA/science-journal-publishes-creationist-paper-science-co-1762677821","blogs","10.1371/journal.pone.0146193","1"
"http://evol-eco.blogspot.com/2016/03/pulling-fast-one-getting-unscientific.html","blogs","10.1371/journal.pone.0146193","1"
"http://andrewgelman.com/2016/03/04/creationist-article-published-in-plos-one/","blogs","10.1371/journal.pone.0146193","1"
"http://www.iflscience.com/editors-blog/scientific-paper-saying-human-hand-was-designed-creator-causes-outrage","blogs","10.1371/journal.pone.0146193","1"
"http://languagelog.ldc.upenn.edu/nll/?p=24360","blogs","10.1371/journal.pone.0146193","1"
"http://uv-net.uio.no/wpmu/hedda/2016/03/21/the-aftermath-of-the-creator-controversy-at-plos-one/","blogs","10.1371/journal.pone.0146193","1"
"http://retractionwatch.com/2016/02/29/surgery-studies-lacked-ethics-committee-approval/","blogs","10.1007/s00595-008-3853-0","1"
"http://retractionwatch.com/2016/02/29/surgery-studies-lacked-ethics-committee-approval/","blogs","10.1007/s00595-012-0285-7","1"
"http://retractionwatch.com/2016/02/15/journal-temporarily-removes-paper-linking-hpv-vaccine-to-behavioral-issues/","blogs","10.1016/j.vaccine.2015.12.067","1"
"http://retractionwatch.com/2016/05/10/oops-journal-published-same-paper-three-times/","blogs","10.1002/sia.5705","1"
"http://retractionwatch.com/2016/05/10/oops-journal-published-same-paper-three-times/","blogs","10.1002/sia.5707","1"
"http://retractionwatch.com/2016/02/10/after-10-years-a-whistleblower-is-vindicated-heres-why-he-kept-going/","blogs","10.1126/science.1095678","1"
"https://authoritynutrition.com/16-best-foods-for-diabetics/","blogs","10.2337/dc11-0338","0"
"http://ecowatch.com/2016/04/08/healthy-foods-high-in-magnesium/","blogs","10.2337/dc11-0338","0"
"https://authoritynutrition.com/12-best-foods-to-eat-in-morning/","blogs","10.2337/dc11-0338","0"
"https://authoritynutrition.com/10-foods-high-in-magnesium/","blogs","10.2337/dc11-0338","0"
"http://retractionwatch.com/2016/04/26/authors-correct-highly-cited-biology-paper-due-to-genuine-mistake/","blogs","10.1038/ng.317","1"
"http://retractionwatch.com/2016/05/26/cancer-researchers-we-took-data-from-another-lab/","blogs","10.1007/s12035-014-8896-1","1"
"http://retractionwatch.com/2016/01/27/investigation-of-undisclosed-conflicts-in-catheter-paper-uncovers-flawed-data-too/","blogs","10.1016/j.ajic.2013.05.023","1"
"http://retractionwatch.com/2016/01/11/ivf-embryo-paper-pulled-for-duplication-errors-lack-of-permissions/","blogs","10.1007/s10735-013-9556-x","1"
"http://retractionwatch.com/2016/03/21/antifungal-agent-paper-lacked-institutions-approval/","blogs","10.1128/aac.04976-14","1"
"http://retractionwatch.com/2016/01/18/satellite-paper-grounded-for-plagiarizing-from-the-same-journal/","blogs","10.1016/j.actaastro.2015.01.021","1"
"http://www.biofortified.org/2016/01/gmo-feeding-studies/","blogs","10.4236/fns.2013.46a006","1"
"http://arstechnica.com/science/2016/01/anti-gmo-research-may-be-based-on-manipulated-data/","blogs","10.4236/fns.2013.46a006","1"
"http://retractionwatch.com/2016/02/11/researchers-plagiarized-chapter-of-doctoral-thesis-in-mol-bio-paper/","blogs","10.1007/s11010-013-1820-6","1"
"http://retractionwatch.com/2015/11/30/3-d-printing-paper-accidentally-includes-secrets/","blogs","10.1007/s12541-014-0551-2","1"
"http://retractionwatch.com/2015/11/04/university-finds-preponderance-of-evidence-of-misconduct-by-child-psych-researcher/","blogs","10.1503/jpn.120073","1"
"http://blogs.plos.org/mindthebrain/2015/12/30/should-have-seen-it-coming-once-high-flying-psychological-science-article-lies-in-pieces-on-the-ground/","blogs","10.1177/0956797615597672","1"
"https://jcoynester.wordpress.com/2016/01/21/ten-suggestions-to-the-new-associate-editors-of-psychological-science/","blogs","10.1177/0956797615597672","1"
"http://retractionwatch.com/2015/12/30/journal-bans-authors-following-investigation-confirming-plagiarism/","blogs","10.4066/amj.2014.1956","1"
"http://retractionwatch.com/2015/10/26/p53-researcher-submitted-paper-without-permission-from-his-co-authors/","blogs","10.1002/mc.22357","1"
"http://retractionwatch.com/2015/12/29/paper-pulled-when-authors-backtrack-on-identifying-mad-cow-disease-in-texas/","blogs","10.4315/0362-028x.jfp-15-157","1"
"http://retractionwatch.com/2015/10/27/taste-researcher-falsified-data-in-two-papers-ori/","blogs","10.1152/ajpendo.00163.2012","1"
"http://retractionwatch.com/2015/09/08/cant-pay-the-page-charge-this-journal-will-retract-your-paper/","blogs","10.1080/15592324.2015.1052925","1"
"http://judithcurry.com/2015/09/04/week-in-review-science-edition-20/","blogs","10.1016/j.asr.2015.08.006","1"
"http://retractionwatch.com/2015/09/10/years-after-papers-were-withdrawn-jbc-finally-issues-notices/","blogs","10.1074/jbc.m109.026195","1"
"http://retractionwatch.com/2015/09/10/years-after-papers-were-withdrawn-jbc-finally-issues-notices/","blogs","10.1074/jbc.m709317200","1"
"http://retractionwatch.com/2015/11/26/honest-errors-take-down-math-paper/","blogs","10.1016/j.jmaa.2014.09.043","1"
"http://retractionwatch.com/2015/08/17/running-shoe-paper-pulled-for-failing-to-disclose-authors-industry-ties/","blogs","10.7547/14-084.1","1"
"http://retractionwatch.com/2015/09/10/years-after-papers-were-withdrawn-jbc-finally-issues-notices/","blogs","10.1074/jbc.m113.512061","1"
"http://retractionwatch.com/2015/09/10/years-after-papers-were-withdrawn-jbc-finally-issues-notices/","blogs","10.1074/jbc.m408387200","1"
"http://retractionwatch.com/2015/09/10/years-after-papers-were-withdrawn-jbc-finally-issues-notices/","blogs","10.1074/jbc.m410405200","1"
"http://retractionwatch.com/2015/11/16/inaccuracies-and-omissions-force-nutrition-society-to-pulls-its-position-statement-on-vegetarian-diets/","blogs","10.1016/j.jand.2015.02.033","1"
"http://retractionwatch.com/2015/09/01/two-groups-mistakenly-publish-case-reports-on-the-same-patient/","blogs","10.1111/jcpt.12228","1"
"http://www.geneticliteracyproject.org/2015/08/11/blood-on-their-hands-withdrawal-of-golden-rice-study-for-non-science-reasons-feeds-anti-gmo-fervor/","blogs","10.3945/ajcn.111.030775","1"
"http://aobblog.com/2015/12/location-location-location-rice-thrice-nice-maybe/","blogs","10.3945/ajcn.111.030775","0"
"http://retractionwatch.com/2015/09/07/cancer-drug-paper-nulled-by-statistical-errors/","blogs","10.1007/s12032-014-0251-x","1"
"http://retractionwatch.com/2015/08/25/sea-squirt-draft-published-by-mistake/","blogs","10.1002/dvdy.24245","1"
"http://retractionwatch.com/2015/10/23/symposium-intro-pulled-after-author-refuses-to-revise-following-changes-to-lineup/","blogs","10.1093/icb/icv076","1"
"http://retractionwatch.com/2015/10/27/taste-researcher-falsified-data-in-two-papers-ori/","blogs","10.1523/jneurosci.0372-13.2013","1"
"https://nonparibus.wordpress.com/2015/05/20/why-do-we-ever-believe-in-scientific-evidence/","blogs","10.1126/science.1256151","1"
"http://feeds.arstechnica.com/~r/arstechnica/index/~3/WCjQeWMhWlY/","blogs","10.1126/science.1256151","1"
"http://arstechnica.com/science/2015/05/fake-data-was-used-in-study-claiming-efficacy-of-gay-canvassers/","blogs","10.1126/science.1256151","1"
"http://feeds.washingtonpost.com/c/34656/f/666713/s/4685f73d/sc/31/l/0L0Swashingtonpost0N0Cblogs0Cmonkey0Ecage0Cwp0C20A150C0A50C210Cwhat0Emakes0Efield0Eorganizers0Eeffective0Ebeing0Elike0Ethe0Epeople0Ethey0Ewant0Eto0Epersuade0C/story01.htm","blogs","10.1126/science.1256151","0"
"http://feeds.washingtonpost.com/c/34656/f/666713/s/46a865bd/sc/19/l/0L0Swashingtonpost0N0Cblogs0Cmonkey0Ecage0Cwp0C20A150C0A50C260Chow0Eto0Echange0Epeoples0Eminds0Eabout0Esame0Esex0Emarriage0C/story01.htm","blogs","10.1126/science.1256151","0"
"http://www.env-econ.net/2015/05/maligned-study-on-gay-unions-is-shaking-trust-nytimescom.html","blogs","10.1126/science.1256151","1"
"http://www.3quarksdaily.com/3quarksdaily/2015/05/what-we-really-need-is-a-slice-of-humble-pie.html?utm_source=feedburner&utm_medium=feed&utm_campaign=Feed%3A+3quarksdaily+%283quarksdaily%29","blogs","10.1126/science.1256151","1"
"http://nymag.com/scienceofus/2015/05/how-a-grad-student-uncovered-a-huge-fraud.html","blogs","10.1126/science.1256151","1"
"http://chronicle.com/blogs/ticker/jp/in-23-page-email-michael-lacour-attacks-critics-of-withdrawn-paper","blogs","10.1126/science.1256151","1"
"http://blogs.discovermagazine.com/neuroskeptic/2015/06/01/problem-michael-lacours-rebuttal/?utm_source=feedburner&utm_medium=feed&utm_campaign=Feed%3A%20DiscoverTopStories%20%28Discover%20Top%20Stories%29","blogs","10.1126/science.1256151","1"
"http://www.economist.com/blogs/democracyinamerica/2015/05/political-polarisation?fsrc=rss","blogs","10.1126/science.1256151","1"
"http://guardienne.blogspot.com/2015/06/the-big-hairy-deal-research-ethics.html","blogs","10.1126/science.1256151","1"
"http://retractionwatch.com/2015/07/09/psych-journal-axes-redundant-study-of-child-molesters-first-author-takes-responsibility/","blogs","10.1080/13552600.2011.617014","1"
"http://drugmonkey.scientopia.org/2015/05/27/aha-it-was-about-data-faking-after-all/","blogs","10.1523/jneurosci.3233-12.2012","1"
"http://retractionwatch.com/2015/08/10/authors-withdraw-immunology-study-with-another-mysterious-jbc-notice/","blogs","10.1074/jbc.m110.110312","0"
"http://authoritynutrition.com/decaf-coffee-good-or-bad/","blogs","10.1080/10408398.2010.513779","0"
"http://authoritynutrition.com/dried-fruit-good-or-bad/","blogs","10.1080/10408398.2010.513779","0"
"http://ecowatch.com/2015/08/10/coffee-antioxidants/","blogs","10.1080/10408398.2010.513779","0"
"http://authoritynutrition.com/coffee-worlds-biggest-source-of-antioxidants/","blogs","10.1080/10408398.2010.513779","0"
"http://ecowatch.com/2015/07/10/dried-fruit-good-or-bad-for-you/","blogs","10.1080/10408398.2010.513779","0"
"http://retractionwatch.com/2015/06/16/rabbit-redo-paper-on-lepus-hepatitis-pulled-for-mutation-that-was-not-supposed-to-be-present/","blogs","10.1099/vir.0.071407-0","1"
"http://retractionwatch.com/2015/05/01/nih-neuroscientist-loses-second-paper-again-the-result-of-first-author-misconduct-2/","blogs","10.1007/s11064-010-0282-4","1"
"http://retractionwatch.com/2015/04/16/controversial-italian-scientist-loses-11-papers-from-journal-he-used-to-edit/","blogs","10.1007/s11012-014-9971-4","1"
"http://retractionwatch.com/2015/04/16/controversial-italian-scientist-loses-11-papers-from-journal-he-used-to-edit/","blogs","10.1007/s11012-014-9980-3","1"
"http://retractionwatch.com/2015/04/16/controversial-italian-scientist-loses-11-papers-from-journal-he-used-to-edit/","blogs","10.1007/s11012-014-9954-5","1"
"http://retractionwatch.com/2015/04/16/controversial-italian-scientist-loses-11-papers-from-journal-he-used-to-edit/","blogs","10.1007/s11012-014-9969-y","1"
"http://retractionwatch.com/2015/04/16/controversial-italian-scientist-loses-11-papers-from-journal-he-used-to-edit/","blogs","10.1007/s11012-014-9970-5","1"
"http://retractionwatch.com/2015/04/16/controversial-italian-scientist-loses-11-papers-from-journal-he-used-to-edit/","blogs","10.1007/s11012-014-9983-0","1"
"http://retractionwatch.com/2015/04/16/controversial-italian-scientist-loses-11-papers-from-journal-he-used-to-edit/","blogs","10.1007/s11012-013-9865-x","1"
"http://retractionwatch.com/2015/04/16/controversial-italian-scientist-loses-11-papers-from-journal-he-used-to-edit/","blogs","10.1007/s11012-014-9972-3","1"
"http://retractionwatch.com/2015/04/16/controversial-italian-scientist-loses-11-papers-from-journal-he-used-to-edit/","blogs","10.1007/s11012-014-9905-1","1"
"http://retractionwatch.com/2015/04/16/controversial-italian-scientist-loses-11-papers-from-journal-he-used-to-edit/","blogs","10.1007/s11012-014-9921-1","1"
"http://retractionwatch.com/2015/03/10/misconduct-dissolves-paper-on-possible-clot-busters/","blogs","10.1021/ml300217f","1"
"http://retractionwatch.com/2015/02/09/figure-dupe-sinks-cell-bio-paper/","blogs","10.1002/jcb.21852","0"
"http://stemcellassays.com/2015/04/cells-weekly-april-26-2015/?utm_source=feedburner&utm_medium=feed&utm_campaign=Feed%3A+StemCellAssays+%28Stem+Cell+Assays%29","blogs","10.3727/096368915x686760","1"
"http://retractionwatch.com/2015/01/26/far-earth-shatteringly-new-plagiarism-topples-chinese-quake-paper/","blogs","10.1038/srep06770","1"
"http://retractionwatch.com/2015/03/06/sun-sets-on-sun-yat-sen-university-cell-bio-paper/","blogs","10.1242/jcs.147223","1"
"http://retractionwatch.com/2015/02/05/shoots-misses-soccer-injury-paper-gets-red-card-data-errors/","blogs","10.1016/j.jsams.2013.05.004","1"
"http://retractionwatch.com/2015/02/12/first-cut-deepest-paper-incisional-hernia-sliced-duplication/","blogs","10.1016/j.jamcollsurg.2014.03.053","1"
"http://stemcellassays.com/2014/12/cells-weekly-december-21-2014/?utm_source=feedburner&utm_medium=feed&utm_campaign=Feed%3A+StemCellAssays+%28Stem+Cell+Assays%29","blogs","10.1038/sj.emboj.7601580","1"
"http://retractionwatch.com/2014/12/17/mix-match-text-topples-microbiome-paper/","blogs","10.1007/s11739-010-0451-0","1"
"http://errorstatistics.com/2014/05/10/who-ya-gonna-call-for-statistical-fraudbusting-r-a-fisher-p-values-and-error-statistics-again/","blogs","10.1177/1948550611410890","1"
"http://retractionwatch.com/2014/12/05/hospital-india-wracked-allegations-scientific-misconduct-poor-sanitation/","blogs","10.7860/jcdr/2013/6138.3422","1"
"http://retractionwatch.com/2015/01/27/dead-men-tell-no-tales-respond-journals-formatting-queries/","blogs","10.1080/15376494.2011.563414","1"
"http://retractionwatch.com/2014/12/10/rash-decision-duplicate-submission-dermatitis-paper-leads-publishing-ban/","blogs","10.4103/0019-5154.55630","1"
"http://retractionwatch.com/2014/11/07/a-tale-of-two-notices-as-tunisian-chemists-lose-two-papers-for-duplicated-data/","blogs","10.3390/molecules15064094","1"
"http://retractionwatch.com/2015/02/18/acid-studies-burned-duplication-test-corrosion-papers/","blogs","10.1080/01932691.2013.834263","1"
"http://retractionwatch.com/2015/02/18/acid-studies-burned-duplication-test-corrosion-papers/","blogs","10.1080/01932691.2013.807740","1"
"http://leftbrainrightbrain.co.uk/2014/09/01/online-discussions-discussing-the-recent-cdc-data-reanalysis-story/","blogs","10.1186/2047-9158-3-16","1"
"http://reasonablehank.com/2014/09/25/anti-vaccine-chiropractors-redux-8-the-deed-is-done/","blogs","10.1186/2047-9158-3-16","1"
"http://thescopepopculturescience.blogspot.com/2014/09/the-anti-vaccine-movement-is.html","blogs","10.1186/2047-9158-3-16","1"
"http://leftbrainrightbrain.co.uk/2015/02/20/andrew-wakefield-discusses-his-war-with-vaccines/","blogs","10.1186/2047-9158-3-16","1"
"http://www.riskscience.umich.edu/mmr-vaccines-autism-bringing-clarity-cdc-whistleblower-story/","blogs","10.1186/2047-9158-3-16","1"
"http://theincidentaleconomist.com/wordpress/healthcare-triage-news-green-coffee-extract-doesnt-reduce-weight-and-travel-bans-wont-stop-ebola/","blogs","10.2147/dmso.s27665","1"
"http://www.sciencebasedmedicine.org/lies-fraud-conflicts-of-interest-and-bogus-science-the-real-dr-oz-effect/","blogs","10.2147/dmso.s27665","1"
"https://sciencebasedpharmacy.wordpress.com/2015/02/01/how-a-diet-scam-was-born-the-rise-and-fall-of-green-coffee-bean/","blogs","10.2147/dmso.s27665","1"
"http://authoritynutrition.com/12-weight-loss-pills-reviewed/","blogs","10.2147/dmso.s27665","0"
"http://sandwalk.blogspot.com/2014/07/transcription-initiation-sites-do-you.html","blogs","10.1038/nature12535","1"
"http://retractionwatch.com/2014/10/10/cell-line-switch-sinks-plos-one-cancer-paper/","blogs","10.1371/journal.pone.0051549","1"
"http://blogs.nature.com/houseofwisdom/2014/12/2014-year-in-review-nature-middle-east-highlights.html?utm_source=feedburner&utm_medium=feed&utm_campaign=Feed%3A+nature_houseofwisdom+%28House+of+Wisdom+-+Blog+Posts%29","blogs","10.1038/505622a","0"
"http://blogs.nature.com/houseofwisdom/2014/12/2014-year-in-review-nature-middle-east-highlights.html","blogs","10.1038/505622a","0"
"http://www.theguardian.com/science/neurophilosophy/2014/aug/08/yoshiki-sasai-tribute","blogs","10.1038/nature12969","1"
"http://www.theguardian.com/science/neurophilosophy/2014/aug/08/yoshiki-sasai-tribute","blogs","10.1038/nature12968","1"
"http://scholarlykitchen.sspnet.org/2014/12/17/altmetrics-top-100-what-does-it-all-mean/?utm_source=feedburner&utm_medium=feed&utm_campaign=Feed%3A+ScholarlyKitchen+%28The+Scholarly+Kitchen%29","blogs","10.1038/nature12968","1"
"http://blogs.lse.ac.uk/impactofsocialsciences/2014/12/10/changing-uk-science-culture-rebecca-lawrence/?utm_source=feedburner&utm_medium=feed&utm_campaign=Feed%3A+ImpactOfSocialSciences+%28Impact+of+Social+Sciences%29","blogs","10.1038/nature12968","1"
"http://blog.hotwhopper.com/2014/07/to-disappointment-of-wuwt-climate.html?utm_source=feedburner&utm_medium=feed&utm_campaign=Feed%3A+hotwhopper%2FSJtd+%28HotWhopper%29","blogs","10.1177/1077546312466687","1"
"http://retractionwatch.com/2014/06/25/dont-walk-this-way-stalking-paper-halted-for-plagiarism/","blogs","10.1177/0025802413477397","1"
"http://retractionwatch.com/2014/08/14/mistaken-punctuation-misreferencing-and-other-euphemisms-for-plagiarism/","blogs","10.1007/s13139-010-0027-y","1"
"http://retractionwatch.com/2014/06/04/editor-in-chief-steps-down-after-being-found-plagiarizing-in-her-own-journal/","blogs","10.1186/1758-5996-5-22","1"
"http://retractionwatch.com/2014/06/04/editor-in-chief-steps-down-after-being-found-plagiarizing-in-her-own-journal/","blogs","10.1186/1758-5996-5-49","1"
"http://www.collabchem.com/2014/04/21/testing-reviewer-veracity-proposing-new-ways-to-ensure-your-grants-and-papers-are-read/","blogs","10.1016/j.drudis.2014.03.027","1"
"http://pipeline.corante.com/archives/2014/04/21/molecular_printing_of_drug_molecules_say_what.php","blogs","10.1016/j.drudis.2014.03.027","1"
"http://blogs.ch.cam.ac.uk/pmr/2014/04/23/elsevier-doesnt-publish-junk-science-does-it/?utm_source=feedburner&utm_medium=feed&utm_campaign=Feed%3A+PetermrsBlog+%28petermr%27s+blog%29","blogs","10.1016/j.drudis.2014.03.027","1"
"http://pipeline.corante.com/archives/2014/04/21/molecular_printing_of_drug_molecules_say_what.php?utm_source=feedburner&utm_medium=feed&utm_campaign=Feed%3A+InThePipeline+%28In+the+Pipeline%29","blogs","10.1016/j.drudis.2014.03.027","1"
"http://retractionwatch.com/2014/05/15/paper-claiming-a-way-to-print-any-drug-instantly-gets-unprinted/","blogs","10.1016/j.drudis.2014.03.027","1"
"http://www.improbable.com/2014/05/15/a-further-delay-in-the-arrival-of-a-universal-drug-creation-machine/?utm_source=feedburner&utm_medium=feed&utm_campaign=Feed%3A+ImprobableResearch+%28Improbable+Research%29","blogs","10.1016/j.drudis.2014.03.027","1"
"http://retractionwatch.com/2014/04/11/fraud-fells-alzheimers-made-to-order-neurons-paper-in-cell/","blogs","10.1016/j.cell.2011.07.007","1"
"http://www.ipscell.com/2014/04/after-nightmare-stem-cell-week-some-good-news/","blogs","10.1016/j.cell.2011.07.007","1"
"http://stemcellassays.com/2014/04/cells-weekly-april-13-2014/?utm_source=feedburner&utm_medium=feed&utm_campaign=Feed%3A+StemCellAssays+%28Stem+Cell+Assays%29","blogs","10.1016/j.cell.2011.07.007","1"
"http://www.ipscell.com/2014/04/after-nightmare-stem-cell-week-some-good-news/","blogs","10.1161/circulationaha.112.118380","1"
"http://investorstemcell.com/stem-cell-research/more-doubt-cast-over-cardiac-stem-cells/","blogs","10.1161/circulationaha.112.118380","1"
"http://www.scilogs.com/next_regeneration/to-err-is-human-to-study-errors-is-science/?utm_source=rss&amp;utm_medium=rss&amp;utm_campaign=to-err-is-human-to-study-errors-is-science","blogs","10.1161/circulationaha.112.118380","1"
"http://stemcellassays.com/2014/04/cells-weekly-april-13-2014/?utm_source=feedburner&utm_medium=feed&utm_campaign=Feed%3A+StemCellAssays+%28Stem+Cell+Assays%29","blogs","10.1161/circulationaha.112.118380","1"
"http://retractionwatch.com/2014/04/04/ms-paper-second-to-fall-following-university-of-queensland-investigation/","blogs","10.1080/02687038.2013.808315","1"
"http://blog.hotwhopper.com/2014/03/recursive-furies-hurt-feelings-or.html?utm_source=feedburner&utm_medium=feed&utm_campaign=Feed%3A+hotwhopper%2FSJtd+%28HotWhopper%29","blogs","10.3389/fpsyg.2013.00073","1"
"http://aobblog.com/2014/09/dodgy-pictures-dog-phytology/","blogs","10.1038/nature11980","1"
"http://retractionwatch.com/2014/03/27/unable-to-dispel-the-doubts-authors-lose-protein-structure-paper/","blogs","10.1007/s00249-013-0896-y","1"
"http://retractionwatch.com/2014/01/27/dental-journal-pulls-article-for-sufficient-evidence-of-plagiarism/","blogs","10.1016/j.joen.2008.01.018","1"
"http://retractionwatch.com/2014/01/02/gut-instinct-intestinal-flora-paper-yanked-for-plagiarism/","blogs","10.3389/fcimb.2012.00123","1"
"http://www.biofortified.org/2014/03/only-seralini-can-censor-seralini/","blogs","10.1016/j.fct.2012.08.005","1"
"http://sandwalk.blogspot.com/2013/12/is-there-any-reliable-scientific.html","blogs","10.1016/j.fct.2012.08.005","1"
"http://www.scilogs.de/sciencezest/wo-kam-dieser-ansturm-her/","blogs","10.1016/j.fct.2012.08.005","0"
"http://feeds.gawker.com/~r/lifehacker/full/~3/hcg1-l200so/@whitsongordon","blogs","10.1016/j.fct.2012.08.005","0"
"http://naturalsociety.com/human-blood-round-ready/","blogs","10.1016/j.fct.2012.08.005","0"
"http://thebubblechamber.org/2013/12/weekly-roundup-60/","blogs","10.1016/j.fct.2012.08.005","1"
"http://blog.chembark.com/2013/11/11/how-jacs-treated-the-anonymous-tip-of-the-rodriguez-marks-paper/","blogs","10.1021/ja900257k","1"
"http://blog.peerj.com/post/75497385626","blogs","10.1126/science.1173438","1"
"http://www.independentsciencenews.org/news/can-the-scientific-reputation-of-pamela-ronald-public-face-of-gmos-be-salvaged/","blogs","10.1126/science.1173438","1"
"http://retractionwatch.wordpress.com/2013/10/24/sensing-a-pattern-pattern-recognition-letters-misses-rampant-plagiarism-in-modeling-paper/","blogs","10.1016/j.patrec.2013.05.010","1"
"https://retractionwatch.wordpress.com/2013/10/24/sensing-a-pattern-pattern-recognition-letters-misses-rampant-plagiarism-in-modeling-paper/","blogs","10.1016/j.patrec.2013.05.010","1"
"http://retractionwatch.wordpress.com/2013/11/21/duplication-leads-to-recall-of-toxicology-paper/","blogs","10.1016/j.tiv.2010.01.009","1"
"http://retractionwatch.com/2013/11/21/duplication-leads-to-recall-of-toxicology-paper/","blogs","10.1016/j.tiv.2010.01.009","1"
"http://retractionwatch.wordpress.com/2013/09/26/dental-journal-pulls-paper-for-duplicate-publication/","blogs","10.4103/0976-237x.94558","1"
"http://blog.peerj.com/post/75497385626","blogs","10.1371/journal.pone.0029192","1"
"http://www.independentsciencenews.org/news/can-the-scientific-reputation-of-pamela-ronald-public-face-of-gmos-be-salvaged/","blogs","10.1371/journal.pone.0029192","1"
"http://pubmedcommonsblog.ncbi.nlm.nih.gov/2014/02/27/blogs-and-their-links-with-pubmed-commons/","blogs","10.1634/stemcells.2008-0353","0"
"http://retractionwatch.wordpress.com/2013/09/09/the-one-that-got-away-plagiarism-cuts-line-on-fish-stock-paper/","blogs","10.1007/s11160-012-9279-1","1"
"http://retractionwatch.wordpress.com/2013/08/14/the-brains-in-spain-fall-mainly-on-iran/","blogs","10.3109/02699052.2011.608208","1"
"https://retractionwatch.wordpress.com/2013/08/14/the-brains-in-spain-fall-mainly-on-iran/","blogs","10.3109/02699052.2011.608208","1"
"http://retractionwatch.wordpress.com/2013/09/30/journal-withdraws-diabetes-paper-written-by-apparently-bogus-authors/","blogs","10.1016/j.bbrc.2013.07.008","1"
"https://retractionwatch.wordpress.com/2013/09/30/journal-withdraws-diabetes-paper-written-by-apparently-bogus-authors/","blogs","10.1016/j.bbrc.2013.07.008","1"
"http://retractionwatch.wordpress.com/2013/07/09/researchers-get-a-mulligan-jbc-paper-withdrawn-sans-explanation/","blogs","10.1074/jbc.m113.470914","1"
"https://retractionwatch.wordpress.com/2013/07/09/researchers-get-a-mulligan-jbc-paper-withdrawn-sans-explanation/","blogs","10.1074/jbc.m113.470914","1"
"http://retractionwatch.wordpress.com/2013/05/28/duplicate-submission-costs-authors-two-papers-on-parkinsons-disease/","blogs","10.1111/j.1476-5381.2012.02100.x","1"
"https://retractionwatch.wordpress.com/2013/05/28/duplicate-submission-costs-authors-two-papers-on-parkinsons-disease/","blogs","10.1111/j.1476-5381.2012.02100.x","1"
"http://retractionwatch.wordpress.com/2013/04/11/markets-crash-and-so-does-a-a-paper-explaining-why/","blogs","10.1016/j.finmar.2012.10.001","1"
"http://retractionwatch.wordpress.com/2013/03/13/findings-of-greatly-enhanced-optics-turn-out-to-be-well-greatly-enhanced/","blogs","10.1038/nphoton.2013.81","1"
"https://retractionwatch.wordpress.com/2013/03/13/findings-of-greatly-enhanced-optics-turn-out-to-be-well-greatly-enhanced/","blogs","10.1038/nphoton.2013.81","1"
"http://www.docsopinion.com/2013/07/29/you-know-nothing-jon-snow-scientific-misconduct-in-medicine/","blogs","10.1093/eurheartj/ehp363","1"
"http://nuit-blanche.blogspot.co.uk/2013/01/around-blogs-in-80-summer-hours.html?utm_source=feedburner&utm_medium=feed&utm_campaign=Feed:+blogspot/wCeDd+(Nuit+Blanche)","blogs","10.1073/pnas.0400441101","0"
"http://retractionwatch.wordpress.com/2013/02/22/med-student-loses-paper-when-former-boss-claims-right-to-data/","blogs","10.3171/2012.9.spine12687","1"
"https://retractionwatch.wordpress.com/2013/02/22/med-student-loses-paper-when-former-boss-claims-right-to-data/","blogs","10.3171/2012.9.spine12687","1"
"http://retractionwatch.wordpress.com/2012/12/14/de-toxicology-authors-pull-more-meeting-abstracts-citing-journal-error/","blogs","10.1016/j.tox.2011.09.052","1"
"http://cdsouthan.blogspot.com/2012/11/oops-didnt-mean-to-publish-that-follow_1.html","blogs","10.4196/kjpp.2012.16.4.237","1"
"http://feeds.plos.org/~r/plos/OneBlog/~3/3NVUoTNS6PU/","blogs","10.1371/journal.ppat.0020025","1"
"http://retractionwatch.wordpress.com/2012/08/07/oh-snap-cable-wakeboarding-injury-paper-falls-to-duplication","blogs","10.1111/j.1600-0838.2010.01158.x","1"
"http://retractionwatch.wordpress.com/2012/06/20/jpet-peeves-paper-withdrawn-after-drug-company-wont-disclose-chemical-structure/","blogs","10.1124/jpet.111.179820","1"
"http://defectivebrain.fieldofscience.com/2012/07/microtwjc-salmonella-of-doubt.html?utm_source=feedburner&utm_medium=feed&utm_campaign=Feed%3A+DefectiveBrain+%28Memoirs+of+a+Defective+Brain%29","blogs","10.1021/ja3012897","1"
"http://feeds.nature.com/~r/chemistry/rss/the_sceptical_chymist/~3/2DdHuWIRvfI/blogroll-space-dinosaurs.html","blogs","10.1021/ja3012897","1"
"http://retractionwatch.wordpress.com/2012/08/30/former-tokyo-tech-materials-researcher-sanctioned-after-bringing-forward-evidence-of-data-fabrication/","blogs","10.1016/j.apcata.2011.05.016","1"
"https://retractionwatch.wordpress.com/2012/05/09/fleetwood-mac-anyone-landslides-paper-crumbles-under-weight-of-significant-originality-issue/","blogs","10.1007/s10346-010-0223-y","1"
"http://retractionwatch.wordpress.com/2012/08/28/more-shoes-drop-for-chinese-author-who-made-up-peer-reviewer-addresses/","blogs","10.1016/j.exppara.2011.12.004","1"
"http://retractionwatch.wordpress.com/2012/02/09/md-anderson-researcher-aggarwal-loses-paper-in-cancer-letters/","blogs","10.1016/j.canlet.2011.12.011","1"
"http://feedproxy.google.com/~r/discovercrux/~3/NEeANjUV3kg/","blogs","10.1073/pnas.1006901107","0"
"http://www.virology.ws/2012/05/18/cleaning-up-after-xmrv/?utm_source=feedburner&utm_medium=feed&utm_campaign=Feed%3A+VirologyBlog+%28virology+blog%29","blogs","10.1126/science.1179052","1"
"http://feedproxy.google.com/~r/news/rss/newsblog/~3/1SXJ6rVz1O8/xmrv-paper-withdrawn.html","blogs","10.1126/science.1179052","1"
"http://leftbrainrightbrain.co.uk/2011/12/xmrv-paper-withdrawn/","blogs","10.1126/science.1179052","1"
"http://carbsanity.blogspot.com/2012/01/hold-hoax-dreamfields-dilema.html","blogs","10.2337/dc10-1957","1"
"http://feeds.plos.org/~r/plos/OneBlog/~3/zJdLmkXmKuU/","blogs","10.1126/science.1190532","1"
"http://feeds.nature.com/~r/news/rss/newsblog/~3/e1HYyz0BnSM/immunologist_in_massive_miscon.html","blogs","10.1038/ni.2004","1"
"http://feedproxy.google.com/~r/blogspot/mpIP/~3/NIi4ZkA0LBk/toxbank-data-warehouse-for.html","blogs","10.1038/nature03356","1"
"http://blog.the-scientist.com/2011/08/19/when-dominoes-fall/","blogs","10.1038/nature03356","1"
"http://blogs.discovermagazine.com/neuroskeptic/?p=1241","blogs","10.1016/s0010-0277(02)00139-7","1"
"http://thinkingautismguide.blogspot.com/2010/07/when-mom-says-something-works-gfcf-diet.html","blogs","10.1016/s0140-6736(97)11096-0","1"
"http://www.autismstreet.org/weblog/?p=373","blogs","10.1016/s0140-6736(97)11096-0","1"
"http://justthevax.blogspot.com/2010/05/andrew-wakefield-has-written-book.html","blogs","10.1016/s0140-6736(97)11096-0","0"
"http://feedproxy.google.com/~r/DrugDiscoveryOpinion/~3/VIBuIfPR83k/","blogs","10.1126/science.1089509","1"
"http://blog.openwetware.org/brokenscience/2008/02/02/fuck-you-homme-w-hellinga/","blogs","10.1126/science.1098432","1"
"http://blog.everydayscientist.com/?p=869","blogs","10.1088/0957-0233/12/11/303","1"
"http://casesblog.blogspot.com/2007/06/what-to-do-if-you-loose-guide-wire.html","blogs","10.1056/nejmicm053415","0"
"http://en.wikipedia.org/?diff=prev&oldid=906540583#altmetric_citation_45dee31b-d556-40e4-bf16-e63de7a21225","wikipedia","10.1001/jama.2018.12615","0"
"http://en.wikipedia.org/?diff=prev&oldid=907064181#altmetric_citation_7b7f05f7-879e-457a-8159-6e01876f8e76","wikipedia","10.1016/s0140-6736(11)61590-0","1"
"http://en.wikipedia.org/?diff=prev&oldid=895970843#altmetric_citation_73661348-c18a-4124-bc31-ea56507b1662","wikipedia","10.4103/psychiatry.indianjpsychiatry_149_18","1"
"http://en.wikipedia.org/?diff=prev&oldid=888482942#altmetric_citation_592a1c72-bd77-4d17-ab8d-ebc58d4d408c","wikipedia","10.1038/s41562-017-0132","1"
"http://en.wikipedia.org/?diff=prev&oldid=872307842#altmetric_citation_6cf2c05b-f090-4596-9752-8aed9e3f0029","wikipedia","10.7326/0003-4819-145-5-200609050-00005","1"
"http://en.wikipedia.org/?diff=prev&oldid=872307842#altmetric_citation_b364a4a2-c407-4e60-8564-9971b935c3ff","wikipedia","10.1016/j.appet.2005.07.011","1"
"http://en.wikipedia.org/?diff=prev&oldid=863390894#altmetric_citation_0fb79445-5349-491a-b716-d2cdb431c521","wikipedia","10.1080/0966369x.2018.1475346","1"
"http://en.wikipedia.org/?diff=prev&oldid=878212732#altmetric_citation_50d8fdc8-aee1-4663-87b4-86970727a8ab","wikipedia","10.1080/0966369x.2018.1475346","1"
"http://en.wikipedia.org/?diff=prev&oldid=863390894#altmetric_citation_6138070a-f124-41a0-a25a-72dcbc1048e5","wikipedia","10.1080/21604851.2018.1453622","1"
"http://en.wikipedia.org/?diff=prev&oldid=860588934#altmetric_citation_648b4d13-989e-4e40-a80d-8784cb98c0ad","wikipedia","10.1001/archpedi.162.10.994","1"
"http://en.wikipedia.org/?diff=prev&oldid=860588934#altmetric_citation_017740ab-9bc7-4dff-bd54-08672213ed38","wikipedia","10.1001/jamainternmed.2013.650","1"
"http://en.wikipedia.org/?diff=prev&oldid=860588934#altmetric_citation_8a845af5-ab77-4faf-847d-4cef12f6ed9b","wikipedia","10.1001/archinternmed.2012.1278","1"
"http://en.wikipedia.org/?diff=prev&oldid=860588934#altmetric_citation_fbb46be5-34b0-4d7b-92dc-7c6f35dbe26e","wikipedia","10.1001/jamapediatrics.2013.82","1"
"http://en.wikipedia.org/?diff=prev&oldid=860588934#altmetric_citation_c3bd2a1c-b86b-4697-b642-c526ff2b1e5e","wikipedia","10.1001/jama.293.14.1727","1"
"http://en.wikipedia.org/?diff=prev&oldid=860588934#altmetric_citation_c6565316-626c-4427-9dd0-1e0845a15064","wikipedia","10.1001/jamainternmed.2014.4098","1"
"http://en.wikipedia.org/?diff=prev&oldid=869185360#altmetric_citation_be2e638f-2667-4ff1-84fe-ce27fbb786f9","wikipedia","10.12659/msm.903377","0"
"http://en.wikipedia.org/?diff=prev&oldid=839008584#altmetric_citation_be62332a-cbc9-445e-8c5a-6795ad1eb8ec","wikipedia","10.4103/0971-9784.197801","1"
"http://en.wikipedia.org/?diff=prev&oldid=843697924#altmetric_citation_6518f0e2-2321-4858-9626-742242826fab","wikipedia","10.3389/fphar.2017.00871","1"
"http://en.wikipedia.org/?diff=prev&oldid=831416650#altmetric_citation_de1d9957-6a62-4116-a072-3411959a948e","wikipedia","10.1089/bari.2016.0036","1"
"http://en.wikipedia.org/?diff=prev&oldid=835297677#altmetric_citation_2b2190a5-e6cc-45fd-a4d9-03e0302604bd","wikipedia","10.1093/beheco/art041","0"
"http://en.wikipedia.org/?diff=prev&oldid=831019034#altmetric_citation_a3057f86-32e0-48e2-9394-98433403a9da","wikipedia","10.1016/j.ypmed.2012.07.012","1"
"http://en.wikipedia.org/?diff=prev&oldid=831019034#altmetric_citation_72b9b549-e408-489f-92e0-253e555c3087","wikipedia","10.1016/s0195-6663(03)00120-x","1"
"http://en.wikipedia.org/?diff=prev&oldid=831019034#altmetric_citation_cb86c65b-73bd-458a-a62d-491a683675e5","wikipedia","10.3389/fpsyg.2016.01298","1"
"http://en.wikipedia.org/?diff=prev&oldid=831019034#altmetric_citation_fdcc6172-1ad1-4049-a502-a981788918a0","wikipedia","10.1001/archpediatrics.2012.999","1"
"http://en.wikipedia.org/?diff=prev&oldid=831019034#altmetric_citation_1f417d74-19f5-404b-8306-c93448cd1f45","wikipedia","10.1001/archpediatrics.2012.999","1"
"http://en.wikipedia.org/?diff=prev&oldid=805588706#altmetric_citation_78c2baa1-7880-4563-aa1d-97238e2f6746","wikipedia","10.1080/01436597.2017.1369037","1"
"http://en.wikipedia.org/?diff=prev&oldid=799027137#altmetric_citation_26c23d6b-76af-4a47-b11c-3ba4d5bfc38d","wikipedia","10.1038/ncomms4562","1"
"http://en.wikipedia.org/?diff=prev&oldid=751631325#altmetric_citation_d5ab00de-99bf-4769-8884-ed72a8efd4ec","wikipedia","10.3389/fpubh.2016.00139","1"
"http://en.wikipedia.org/?diff=prev&oldid=730320049#altmetric_citation_f037b07a-3458-49a5-a951-8dfe32145b17","wikipedia","10.1017/s1751731110000728","1"
"http://en.wikipedia.org/?diff=prev&oldid=709197350#altmetric_citation_a744a43c-2376-4980-a51e-984978697625","wikipedia","10.1371/journal.pone.0146193","1"
"http://en.wikipedia.org/?diff=prev&oldid=663439139#altmetric_citation_d043852a-181c-451c-b8fa-553468b9be8b","wikipedia","10.1126/science.1256151","1"
"http://en.wikipedia.org/?diff=prev&oldid=629984099#altmetric_citation_8","wikipedia","10.1002/jmv.21376","1"
"http://en.wikipedia.org/?diff=prev&oldid=619972953#altmetric_citation_10","wikipedia","10.1038/nature12969","1"
"http://en.wikipedia.org/?diff=prev&oldid=619964554#altmetric_citation_1","wikipedia","10.1038/nature12968","1"
"http://en.wikipedia.org/?diff=prev&oldid=600741175#altmetric_citation_3","wikipedia","10.3389/fpsyg.2013.00073","1"
"http://en.wikipedia.org/?diff=prev&oldid=547234210#altmetric_citation_9","wikipedia","10.1177/0146167201278001","1"
"http://en.wikipedia.org/?diff=prev&oldid=547234210#altmetric_citation_12","wikipedia","10.1037/0022-3514.83.1.60","1"
"http://en.wikipedia.org/?diff=prev&oldid=513999017#altmetric_citation_5","wikipedia","10.1371/journal.ppat.0020025","0"
"http://en.wikipedia.org/?diff=prev&oldid=488352369#altmetric_citation_4","wikipedia","10.1093/cvr/cvr154","0"
"http://en.wikipedia.org/?diff=prev&oldid=492726613#altmetric_citation_22","wikipedia","10.1158/1078-0432.ccr-09-1939","1"
"http://en.wikipedia.org/?diff=prev&oldid=471827407#altmetric_citation_3","wikipedia","10.1182/blood-2005-07-2669","1"
"http://en.wikipedia.org/?diff=prev&oldid=471827407#altmetric_citation_4","wikipedia","10.1073/pnas.0806674105","1"
"http://en.wikipedia.org/?diff=prev&oldid=471827407#altmetric_citation_5","wikipedia","10.1371/journal.pone.0001908","1"
"http://en.wikipedia.org/?diff=prev&oldid=464598090#altmetric_citation_35","wikipedia","10.1126/science.1190532","1"
"http://en.wikipedia.org/?diff=prev&oldid=378760910#altmetric_citation_4","wikipedia","10.1186/1743-422x-7-169","1"
"http://en.wikipedia.org/?diff=prev&oldid=384351260#altmetric_citation_0","wikipedia","10.1016/j.bpg.2010.02.006","0"
"http://en.wikipedia.org/?diff=prev&oldid=215536125#altmetric_citation_2","wikipedia","10.1038/nature04836","1"
"http://en.wikipedia.org/?diff=prev&oldid=177036588#altmetric_citation_6","wikipedia","10.1021/ol061585q","1"
"http://en.wikipedia.org/?diff=prev&oldid=47717585#altmetric_citation_0","wikipedia","10.1126/science.1094515","1"
"http://en.wikipedia.org/?diff=prev&oldid=47717585#altmetric_citation_1","wikipedia","10.1126/science.1112286","1"
"http://cen.acs.org/articles/91/i8/MIT-Probe-Finds-Former-Postdoc.html?utm_source=feedburner&utm_medium=feed&utm_campaign=Feed%3A+cen_latestnews+%28Chemical+%26+Engineering+News%3A+Latest+News%29","news","10.1016/j.cell.2010.09.025","1"
"http://cen.acs.org/articles/91/i8/MIT-Probe-Finds-Former-Postdoc.html?utm_source=feedburner&utm_medium=feed&utm_campaign=Feed%3A+analytical_scene+%28Chemical+%26+Engineering+News%3A+Analytical+SCENE%29","news","10.1016/j.cell.2010.09.025","1"
"http://www.forbes.com/sites/larryhusten/2013/07/12/diovan-data-was-fabricated-say-japanese-health-minister-and-university-officials/","news","10.1093/eurheartj/ehp363","1"
"https://geneticliteracyproject.org/2019/04/08/low-intelligence-in-autistic-children-predicts-poor-life-skills-and-challenging-behavior/","blogs","10.15585/mmwr.ss6706a1","0"
"https://geneticliteracyproject.org/2018/04/09/can-crispr-be-used-safely-in-humans-its-still-an-open-question/","blogs","10.1038/nmeth.4293","1"
"http://feeds.genomeweb.com/~r/genomeweb/dailyscan/~3/8EmOpnMEVPs/concerns-issued","blogs","10.1074/jbc.m112.346270","1"
"http://feeds.genomeweb.com/~r/genomeweb/dailyscan/~3/6kswqQOIf_U/commentary-withdrawn","blogs","10.1038/nrclinonc.2016.113","1"
"http://feedproxy.google.com/~r/bigthink/main/~3/MhpBNmQIlR0/in-defence-of-pseudonyms-in-science-defending-the-right-to-write","blogs","10.1194/jlr.m700175-jlr200","1"
"http://feeds.genomeweb.com/~r/genomeweb/dailyscan/~3/NMuODr2haXc/suggestions-right","blogs","10.1371/journal.pone.0022730","1"
"http://feedproxy.google.com/~r/ScholarlyKitchen/~3/YHYVfr5w5V0/","blogs","10.1186/1743-422x-7-169","1"
"http://feeds.nature.com/~r/nm/rss/spoonful_of_medicine/~3/zl-BOCyaYzI/vaccine_linked_to_earlier_star.html","blogs","10.1016/s0140-6736(97)11096-0","0"
"http://feeds.nature.com/~r/nm/rss/spoonful_of_medicine/~3/c6hqTY3-PS4/andrew_wakefield_the_book_laun.html","blogs","10.1016/s0140-6736(97)11096-0","0"
"http://en.wikipedia.org/?diff=prev&oldid=750711321#altmetric_citation_20dd30fd-ba38-4d7d-a117-04b94420ab5a","wikipedia","10.1074/jbc.m500097200","1"